latitude,longitude,scientificname,occurrenceRemarks,Year
39.4965, -122.9395,Adalia bipunctata,Note,2007
48.495464, -118.523636,Adalia bipunctata,Note,2007
34.207, -117.7727,Adalia bipunctata,Note,2007
34.6926, -118.5499,Adalia bipunctata,Note,2007
47.633114, -115.084463,Adalia bipunctata,Note,2007
52.322, -112.883,Adalia bipunctata,Note,2007
52.321998596191406, -112.88300323486328,Adalia bipunctata,Note,2007
49.04, -113.91,Adalia bipunctata,Note,2008
49.045, -113.913,Adalia bipunctata,Note,2008
49.040000915527344, -113.91000366210938,Adalia bipunctata,Note,2008
48.495464, -118.523636,Adalia bipunctata,Note,2008
44.0, -104.0,Adalia bipunctata,Note,2008
49.05, -113.91,Adalia bipunctata,Note,2008
34.811, -119.1285,Adalia bipunctata,Note,2008
35.0677, -118.4806,Adalia bipunctata,Note,2008
49.04999923706055, -113.91000366210938,Adalia bipunctata,Note,2008
34.8558, -119.1428,Adalia bipunctata,Note,2008
35.0713, -118.486,Adalia bipunctata,Note,2008
34.816, -119.1061,Adalia bipunctata,Note,2008
35.1879, -118.6367,Adalia bipunctata,Note,2008
53.542360313, -113.466078043,Adalia bipunctata,Note,2008
53.543087, -113.466571,Adalia bipunctata,Note,2008
53.542845, -113.466378,Adalia bipunctata,Note,2008
53.543572, -113.467366,Adalia bipunctata,Note,2008
40.655802, -111.915566,Adalia bipunctata,Note,2009
46.49, -81.01,Adalia bipunctata,Note,2009
40.4774818, -104.90136,Adalia bipunctata,Note,2009
43.613739, -116.23765,Adalia bipunctata,Note,2009
40.0149856, -105.27054,Adalia bipunctata,Note,2009
46.595805, -112.02703,Adalia bipunctata,Note,2009
49.8008345061, -99.6344756708,Adalia bipunctata,Note,2009
53.540941, -113.49369,Adalia bipunctata,Note,2009
49.485634, -113.9366,Adalia bipunctata,Note,2009
50.040483, -110.67352,Adalia bipunctata,Note,2009
53.199515, -105.76002,Adalia bipunctata,Note,2009
40.5852602, -105.08442,Adalia bipunctata,Note,2009
40.397761, -105.07498,Adalia bipunctata,Note,2009
38.865444, -104.748828,Adalia bipunctata,Note,2009
46.46, -80.97,Adalia bipunctata,Note,2010
46.4613, -80.9685,Adalia bipunctata,Note,2010
52.67, -117.88,Adalia bipunctata,Note,2010
46.459999084472656, -80.97000122070312,Adalia bipunctata,Note,2010
52.65999984741211, -117.87999725341795,Adalia bipunctata,Note,2010
52.321998596191406, -112.88300323486328,Adalia bipunctata,Note,2010
53.5319442, -113.49115,Adalia bipunctata,Note,2010
51.0452194, -114.06301,Adalia bipunctata,Note,2010
39.918943, -104.98949,Adalia bipunctata,Note,2010
58.755, -93.915,Adalia bipunctata,Note,2010
46.459999084472656, -80.95999908447266,Adalia bipunctata,Note,2010
52.66999816894531, -117.87999725341795,Adalia bipunctata,Note,2010
52.665, -117.883,Adalia bipunctata,Note,2010
52.322, -112.883,Adalia bipunctata,Note,2010
47.31722, -114.35694,Adalia bipunctata,Note,2010
47.311611, -114.34098,Adalia bipunctata,Note,2010
52.66, -117.88,Adalia bipunctata,Note,2010
53.200113, -105.74247,Adalia bipunctata,Note,2010
39.3585, -105.3845,Adalia bipunctata,Note,2010
34.942, -111.752,Adalia bipunctata,Note,2010
43.474131, -111.872559,Adalia bipunctata,Note,2010
42.174344, -112.410452,Adalia bipunctata,Note,2010
48.495464, -118.523636,Adalia bipunctata,Note,2010
46.5648, -80.86,Adalia bipunctata,Note,2010
46.46, -80.96,Adalia bipunctata,Note,2010
46.55469, -80.861431,Adalia bipunctata,Note,2010
46.564806, -80.860512,Adalia bipunctata,Note,2010
42.5338019, -114.36475,Adalia bipunctata,Note,2011
43.6629384, -116.68735,Adalia bipunctata,Note,2011
36.5172125, -121.9358,Adalia bipunctata,Note,2011
42.9440784, -112.83832,Adalia bipunctata,Note,2011
43.604276, -116.37811,Adalia bipunctata,Note,2011
42.5744589, -114.44593,Adalia bipunctata,Note,2011
40.612365, -120.720234,Adalia bipunctata,Note,2011
40.56, -105.07442,Adalia bipunctata,Note,2011
40.5852602, -105.08442,Adalia bipunctata,Note,2011
40.56, -105.07,Adalia bipunctata,Note,2011
47.3116667, -114.34111,Adalia bipunctata,Note,2011
47.5139561, -111.26258,Adalia bipunctata,Note,2011
46.3218917, -117.97576,Adalia bipunctata,Note,2011
44.2726203, -121.17392,Adalia bipunctata,Note,2011
53.01, -114.5,Adalia bipunctata,Note,2011
53.5648978, -107.31767,Adalia bipunctata,Note,2011
53.5, -107.3,Adalia bipunctata,Note,2011
56.2220189, -117.29376,Adalia bipunctata,Note,2011
53.543564, -113.49045,Adalia bipunctata,Note,2011
51.045, -114.05722,Adalia bipunctata,Note,2011
53.0099983215332, -114.5,Adalia bipunctata,Note,2011
50.041554, -110.6776,Adalia bipunctata,Note,2011
49.72617, -112.6192,Adalia bipunctata,Note,2011
54.174063, -114.05193,Adalia bipunctata,Note,2011
54.35, -113.91666,Adalia bipunctata,Note,2011
49.3237408, -117.65933,Adalia bipunctata,Note,2011
50.678238, -120.33836,Adalia bipunctata,Note,2011
49.0, -97.2,Adalia bipunctata,Note,2011
48.4380509, -89.215935,Adalia bipunctata,Note,2011
48.415802, -89.2673,Adalia bipunctata,Note,2011
42.00074, -120.2918,Adalia bipunctata,Note,2012
43.651031, -116.68019,Adalia bipunctata,Note,2012
43.611, -116.39222,Adalia bipunctata,Note,2012
42.5629668, -114.46087,Adalia bipunctata,Note,2012
42.5338019, -114.36475,Adalia bipunctata,Note,2012
43.643679, -116.419,Adalia bipunctata,Note,2012
42.5744589, -114.44593,Adalia bipunctata,Note,2012
40.0891304, -109.67736,Adalia bipunctata,Note,2012
53.544389, -113.49092,Adalia bipunctata,Note,2012
51.045113, -114.05714,Adalia bipunctata,Note,2012
53.560001373291016, -112.83999633789062,Adalia bipunctata,Note,2012
49.09999847412109, -113.80999755859376,Adalia bipunctata,Note,2012
49.106, -113.819,Adalia bipunctata,Note,2012
49.13999938964844, -107.52999877929688,Adalia bipunctata,Note,2012
49.1, -113.81,Adalia bipunctata,Note,2012
53.56, -112.84,Adalia bipunctata,Note,2012
53.567, -112.841,Adalia bipunctata,Note,2012
49.150001525878906, -107.52999877929688,Adalia bipunctata,Note,2012
49.149, -107.53,Adalia bipunctata,Note,2012
49.14, -107.53,Adalia bipunctata,Note,2012
53.5, -107.3,Adalia bipunctata,Note,2012
40.0149856, -105.27054,Adalia bipunctata,Note,2012
40.058094, -105.195154,Adalia bipunctata,Note,2012
38.235853, -104.623605,Adalia bipunctata,Note,2012
40.0115393, -105.08812,Adalia bipunctata,Note,2012
40.5457613, -105.03295,Adalia bipunctata,Note,2012
40.5852602, -105.08442,Adalia bipunctata,Note,2012
39.6951699, -104.91625,Adalia bipunctata,Note,2012
49.11, -113.82,Adalia bipunctata,Note,2012
53.57, -112.84,Adalia bipunctata,Note,2012
48.9835812, -97.548901,Adalia bipunctata,Note,2012
35.6, -105.9,Adalia bipunctata,Note,2012
49.15, -107.53,Adalia bipunctata,Note,2012
40.3927497, -105.07392,Adalia bipunctata,Note,2013
42.719722747802734, -103.13543701171876,Adalia bipunctata,Note,2013
46.5897598, -112.0212,Adalia bipunctata,Note,2013
51.03339, -114.15614,Adalia bipunctata,Note,2013
40.0157394, -105.27924,Adalia bipunctata,Note,2013
37.1253814, -121.66132,Adalia bipunctata,Note,2013
46.2080383, -119.11698,Adalia bipunctata,Note,2013
34.3206055, -111.08961,Adalia bipunctata,Note,2013
40.612365, -120.720234,Adalia bipunctata,Note,2013
40.7600402, -111.88822,Adalia bipunctata,Note,2013
38.2990303, -111.41998,Adalia bipunctata,Note,2013
40.7600593, -111.88822,Adalia bipunctata,Note,2013
43.611, -116.39222,Adalia bipunctata,Note,2013
43.4920005, -112.04199,Adalia bipunctata,Note,2013
55.1547012, -119.14299,Adalia bipunctata,Note,2014
53.2248992, -106.37999,Adalia bipunctata,Note,2014
53.1882019, -105.757,Adalia bipunctata,Note,2014
55.17, -118.81,Adalia bipunctata,Note,2014
50.0597991, -110.678,Adalia bipunctata,Note,2014
51.0452194, -114.06301,Adalia bipunctata,Note,2014
50.79, -104.932,Adalia bipunctata,Note,2014
49.1245778, -66.489286,Adalia bipunctata,Note,2014
53.2547988, -132.08399,Adalia bipunctata,Note,2014
54.52, -128.5994,Adalia bipunctata,Note,2014
40.7600593, -111.88822,Adalia bipunctata,Note,2014
43.6674385, -116.69258,Adalia bipunctata,Note,2014
43.48843, -116.42265,Adalia bipunctata,Note,2014
43.611, -116.39222,Adalia bipunctata,Note,2014
50.2747001, -119.273,Adalia bipunctata,Note,2014
40.655802, -111.915566,Adalia bipunctata,Note,2014
47.48436, -92.46573,Adalia bipunctata,Note,2014
46.5897598, -112.0212,Adalia bipunctata,Note,2014
41.8238716, -71.411987,Adalia bipunctata,Note,2014
43.8768005, -116.99565,Adalia bipunctata,Note,2014
35.101046, -106.612469,Adalia bipunctata,Note,2014
43.515202, -71.436077,Adalia bipunctata,Note,2014
38.284514249, -104.6099567413,Adalia bipunctata,Note,2014
40.073769, -105.18089,Adalia bipunctata,Note,2014
46.5897598, -112.0212,Adalia bipunctata,Note,2015
52.44, -109.15,Adalia bipunctata,Note,2015
52.0, -106.98,Adalia bipunctata,Note,2015
51.09, -113.94,Adalia bipunctata,Note,2015
50.44, -100.59,Adalia bipunctata,Note,2015
53.51, -113.49,Adalia bipunctata,Note,2015
43.8768005, -116.99565,Adalia bipunctata,Note,2015
32.89885, -107.8235,Adalia bipunctata,Note,2015
36.413253, -105.568646,Adalia bipunctata,Note,2015
35.690294, -105.888138,Adalia bipunctata,Note,2015
36.527237, -105.648564,Adalia bipunctata,Note,2015
35.588826, -106.007134,Adalia bipunctata,Note,2015
35.025216, -79.004639,Adalia bipunctata,Note,2015
37.2551002, -119.61752,Adalia bipunctata,Note,2015
39.274961, -120.120532,Adalia bipunctata,Note,2015
42.5332908, -114.29956,Adalia bipunctata,Note,2015
52.444, -109.153,Adalia bipunctata,Note,2015
52.003, -106.977,Adalia bipunctata,Note,2015
52.0, -106.97,Adalia bipunctata,Note,2015
50.7972984, -104.93599,Adalia bipunctata,Note,2015
50.8046989, -104.913,Adalia bipunctata,Note,2015
54.085, -122.988,Adalia bipunctata,Note,2015
52.43999862670898, -109.1500015258789,Adalia bipunctata,Note,2015
52.0, -106.97000122070312,Adalia bipunctata,Note,2015
51.0927, -113.942,Adalia bipunctata,Note,2015
50.43000030517578, -100.58999633789062,Adalia bipunctata,Note,2015
50.438, -100.591,Adalia bipunctata,Note,2015
50.43, -100.59,Adalia bipunctata,Note,2015
51.09000015258789, -113.94000244140624,Adalia bipunctata,Note,2015
51.0452194, -114.06301,Adalia bipunctata,Note,2015
53.5, -113.4800033569336,Adalia bipunctata,Note,2015
53.508, -113.486,Adalia bipunctata,Note,2015
53.5, -113.48,Adalia bipunctata,Note,2015
53.3558583333, -117.8605716667,Adalia bipunctata,Note,2015
51.05011, -114.08529,Adalia bipunctata,Note,2015
53.5099983215332, -113.48999786376952,Adalia bipunctata,Note,2015
41.1348114, -104.82154,Adalia bipunctata,Note,2016
44.9762583333, -110.6989216667,Adalia bipunctata,Note,2016
41.3214038965, -105.5399401859,Adalia bipunctata,Note,2016
39.808699, -75.927092,Adalia bipunctata,Note,2016
46.58995332, -112.02294042,Adalia bipunctata,Note,2016
46.588719, -112.038738,Adalia bipunctata,Note,2016
46.5875846, -112.0172446,Adalia bipunctata,Note,2016
53.8810997, -112.33699,Adalia bipunctata,Note,2016
51.0452194, -114.06301,Adalia bipunctata,Note,2016
43.974221, -116.98564,Adalia bipunctata,Note,2016
48.4388999, -123.396,Adalia bipunctata,Note,2016
53.3909080161, -108.961375057,Adalia bipunctata,Note,2016
53.25507, -132.0748888333,Adalia bipunctata,Note,2016
49.243492, -124.091844,Adalia bipunctata,Note,2016
37.561404, -118.68068,Adalia bipunctata,Note,2016
39.1508305, -108.7425783333,Adalia bipunctata,Note,2016
40.5448397812, -105.1104303449,Adalia bipunctata,Note,2016
40.746266, -111.861441,Adalia bipunctata,Note,2016
47.1319313, -119.27715,Adalia bipunctata,Note,2016
46.9273986, -117.6847,Adalia bipunctata,Note,2016
39.2758053937, -120.1216442583,Adalia bipunctata,Note,2017
39.3058773, -122.7128433,Adalia bipunctata,Note,2017
48.414725, -68.623238,Adalia bipunctata,Note,2017
41.52736, -120.790625,Adalia bipunctata,Note,2017
39.187495, -122.152389,Adalia bipunctata,Note,2017
50.6543583333, -104.8629083333,Adalia bipunctata,Note,2017
40.058094, -105.195154,Adalia bipunctata,Note,2017
48.0908519328, -123.1131416494,Adalia bipunctata,Note,2017
48.4847591, -123.5482743,Adalia bipunctata,Note,2017
45.321468, -79.232141,Adalia bipunctata,Note,2017
40.7427484708, -109.0041292148,Adalia bipunctata,Note,2017
40.0157394, -105.27924,Adalia bipunctata,Note,2017
50.67307373, -120.3670692444,Adalia bipunctata,Note,2017
43.6076087, -116.19339,Adalia bipunctata,Note,2017
40.3117783333, -104.90747,Adalia bipunctata,Note,2017
35.378973, -111.786404,Adalia bipunctata,Note,2017
35.1328253037, -106.5182876587,Adalia bipunctata,Note,2017
45.325011, -118.031311,Adalia bipunctata,Note,2017
48.3757314361, -89.2858487295,Adalia bipunctata,Note,2017
47.9127777, -97.041388,Adalia bipunctata,Note,2017
48.3757119137, -89.2861695334,Adalia bipunctata,Note,2017
52.12432142, -101.25396728,Adalia bipunctata,Note,2018
44.2725715, -121.17588,Adalia bipunctata,Note,2018
44.2577319732, -121.2120408566,Adalia bipunctata,Note,2018
40.7084930689, -111.856698068,Adalia bipunctata,Note,2018
40.7212424884, -111.8445997966,Adalia bipunctata,Note,2018
40.7507046, -111.88381412,Adalia bipunctata,Note,2018
40.748194865, -111.8441779941,Adalia bipunctata,Note,2018
41.595787, -112.480319,Adalia bipunctata,Note,2018
41.3176, -105.585595,Adalia bipunctata,Note,2018
45.325011, -118.031311,Adalia bipunctata,Note,2018
46.9653619055, -119.3220484257,Adalia bipunctata,Note,2018
47.369145, -92.404547,Adalia bipunctata,Note,2018
47.5156, -92.53601,Adalia bipunctata,Note,2018
53.365033, -113.714239,Adalia bipunctata,Note,2018
51.1907533333, -114.4938716667,Adalia bipunctata,Note,2018
51.1907283333, -114.4938966667,Adalia bipunctata,Note,2018
51.020825, -93.8237216667,Adalia bipunctata,Note,2018
47.51455, -92.53707,Adalia bipunctata,Note,2018
47.2967036871, -101.6301790275,Adalia bipunctata,Note,2018
47.4481, -79.6334,Adalia bipunctata,Note,2018
49.5147383561, -108.8266146179,Adalia bipunctata,Note,2018
45.2290083049, -111.253579734,Adalia bipunctata,Note,2018
45.2278473704, -111.2529637793,Adalia bipunctata,Note,2018
39.504699707, -119.9019622803,Adalia bipunctata,Note,2018
39.501966, -119.804814,Adalia bipunctata,Note,2018
53.5063888528, -113.5145479652,Adalia bipunctata,Note,2018
35.0834218567, -106.6202598019,Adalia bipunctata,Note,2018
35.1033794463, -106.6181148992,Adalia bipunctata,Note,2018
35.2619866667, -106.6079633333,Adalia bipunctata,Note,2018
40.0052138833, -105.2450633333,Adalia bipunctata,Note,2018
32.957157135, -116.5827941895,Adalia bipunctata,Note,2018
40.0322721667, -105.2390366667,Adalia bipunctata,Note,2018
38.9407833333, -120.0589971667,Adalia bipunctata,Note,2018
35.101046, -106.612469,Adalia bipunctata,Note,2019
48.3157391653, -102.3900288558,Adalia bipunctata,Note,2019
47.296295, -101.6300366667,Adalia bipunctata,Note,2019
39.9349558504, -120.9150867756,Adalia bipunctata,Note,2019
36.3873333333, -105.585395,Adalia bipunctata,Note,2019
40.7710363174, -111.8794053157,Adalia bipunctata,Note,2019
40.7552914939, -111.8588462431,Adalia bipunctata,Note,2019
40.7436146215, -111.8609974368,Adalia bipunctata,Note,2019
40.7401807281, -111.8720228692,Adalia bipunctata,Note,2019
40.7636633333, -111.8489616667,Adalia bipunctata,Note,2019
40.7435749378, -111.8581038808,Adalia bipunctata,Note,2019
39.5161332207, -119.8152319428,Adalia bipunctata,Note,2019
39.508305, -119.775895,Adalia bipunctata,Note,2019
39.5408366667, -119.8310783333,Adalia bipunctata,Note,2019
46.5878966125, -112.0038793423,Adalia bipunctata,Note,2019
45.2042827, -117.8714093,Adalia bipunctata,Note,2019
45.2042656, -117.8714755,Adalia bipunctata,Note,2019
45.20415826, -117.87135672,Adalia bipunctata,Note,2019
45.20423793, -117.87133554,Adalia bipunctata,Note,2019
45.20412947, -117.87138953,Adalia bipunctata,Note,2019
45.20423231, -117.87131886,Adalia bipunctata,Note,2019
45.20417003, -117.87135833,Adalia bipunctata,Note,2019
45.20412232, -117.87133031,Adalia bipunctata,Note,2019
45.20416802, -117.87137725,Adalia bipunctata,Note,2019
45.20414543, -117.87140208,Adalia bipunctata,Note,2019
45.2041759, -117.87136143,Adalia bipunctata,Note,2019
45.20419453, -117.8714323,Adalia bipunctata,Note,2019
45.20416047, -117.87141842,Adalia bipunctata,Note,2019
45.20417407, -117.87146692,Adalia bipunctata,Note,2019
45.20418433, -117.87145516,Adalia bipunctata,Note,2019
45.20420691, -117.87146812,Adalia bipunctata,Note,2019
45.20421986, -117.87149931,Adalia bipunctata,Note,2019
45.20420767, -117.87146397,Adalia bipunctata,Note,2019
45.20420045, -117.87145651,Adalia bipunctata,Note,2019
45.2042083, -117.8714739,Adalia bipunctata,Note,2019
45.325011, -118.031311,Adalia bipunctata,Note,2019
36.9564383333, -122.0607916667,Adalia bipunctata,Note,2019
41.312125, -105.5932833333,Adalia bipunctata,Note,2019
51.0448194444, -114.0387111111,Adalia bipunctata,Note,2019
51.0472, -114.0467138333,Adalia bipunctata,Note,2019
46.4096908603, -80.1219020372,Adalia bipunctata,Note,2019
51.04591412, -114.03318522,Adalia bipunctata,Note,2019
49.0297409334, -122.0026464389,Adalia bipunctata,Note,2019
48.4211422, -123.36462498,Adalia bipunctata,Note,2019
51.0520515442, -114.1511306763,Adalia bipunctata,Note,2019
51.052936554, -114.1421508789,Adalia bipunctata,Note,2019
48.4368545868, -123.3549031091,Adalia bipunctata,Note,2019
53.5411462257, -113.6075069554,Adalia bipunctata,Note,2019
52.4974084339, -103.533291214,Adalia bipunctata,Note,2019
53.5239116667, -113.483375,Adalia bipunctata,Note,2019
44.2362545938, -76.4889617985,Adalia bipunctata,Note,2019
48.123205747, -77.8355415055,Adalia bipunctata,Note,2019
51.8319243521, -113.0104066059,Adalia bipunctata,Note,2019
51.0471992493, -114.0391769409,Adalia bipunctata,Note,2019
47.3247716667, -79.4411866667,Adalia bipunctata,Note,2019
39.4509972222, -105.7295305556,Adalia bipunctata,Note,2019
48.4204133333, -123.3700033333,Adalia bipunctata,Note,2019
48.4711603192, -81.2799785659,Adalia bipunctata,Note,2019
43.614095, -116.50743,Adalia bipunctata,Note,2019
53.3649773, -113.7144035,Adalia bipunctata,Note,2019
43.5819166667, -116.401825,Adalia bipunctata,Note,2019
43.567779541, -116.1544418335,Adalia bipunctata,Note,2019
43.567779541, -116.1549987793,Adalia bipunctata,Note,2019
43.5688523905, -116.1587304605,Adalia bipunctata,Note,2019
48.4547855845, -123.3974594997,Adalia bipunctata,Note,2019
53.36504431, -113.71445965,Adalia bipunctata,Note,2019
43.5607628207, -116.66326673,Adalia bipunctata,Note,2019
48.6960522567, -122.9058169096,Adalia bipunctata,Note,2019
46.3259592628, -119.3245727196,Adalia bipunctata,Note,2019
46.3059317943, -119.2642615736,Adalia bipunctata,Note,2019
50.9852826246, -114.0568642016,Adalia bipunctata,Note,2020
51.0374320581, -114.0713193611,Adalia bipunctata,Note,2020
48.4139283333, -123.3388883333,Adalia bipunctata,Note,2020
48.4452752839, -89.2792164093,Adalia bipunctata,Note,2020
48.42568333, -123.34609167,Adalia bipunctata,Note,2020
48.4580871401, -123.3690542344,Adalia bipunctata,Note,2020
48.9704378075, -123.7958920065,Adalia bipunctata,Note,2020
51.0643186389, -114.061977094,Adalia bipunctata,Note,2020
49.043696, -66.843818,Adalia bipunctata,Note,2020
50.0035388889, -110.6849833333,Adalia bipunctata,Note,2020
53.4940691708, -113.5274100266,Adalia bipunctata,Note,2020
51.0851091975, -114.0613712225,Adalia bipunctata,Note,2020
48.42767, -123.343025,Adalia bipunctata,Note,2020
48.447204893, -89.2245825225,Adalia bipunctata,Note,2020
52.2464288687, -113.8204822865,Adalia bipunctata,Note,2020
51.0752183333, -114.0867716667,Adalia bipunctata,Note,2020
51.059316624, -114.0799199739,Adalia bipunctata,Note,2020
51.0613925918, -114.1481018914,Adalia bipunctata,Note,2020
50.97473667, -119.20780333,Adalia bipunctata,Note,2020
49.5777438361, -101.6997728545,Adalia bipunctata,Note,2020
52.262472, -113.8174608,Adalia bipunctata,Note,2020
52.28276333, -113.81527,Adalia bipunctata,Note,2020
51.2025388889, -114.4693527778,Adalia bipunctata,Note,2020
53.2934445414, -112.4248971366,Adalia bipunctata,Note,2020
48.3816913064, -89.2573003471,Adalia bipunctata,Note,2020
41.8498716597, -71.4604894817,Adalia bipunctata,Note,2020
53.5101151543, -113.4739847306,Adalia bipunctata,Note,2020
51.0235833333, -114.00365555,Adalia bipunctata,Note,2020
50.9573261717, -122.5325823574,Adalia bipunctata,Note,2020
51.0441706166, -114.0531012805,Adalia bipunctata,Note,2020
50.9743178, -114.0326618,Adalia bipunctata,Note,2020
53.6654204335, -113.6270851482,Adalia bipunctata,Note,2020
53.5046706861, -113.5221474433,Adalia bipunctata,Note,2020
51.0613037118, -114.0687431883,Adalia bipunctata,Note,2020
53.5046439898, -113.5222421588,Adalia bipunctata,Note,2020
37.6052734, -122.3768992,Adalia bipunctata,Note,2020
45.20421388, -117.87089606,Adalia bipunctata,Note,2020
45.20407326, -117.87135617,Adalia bipunctata,Note,2020
44.02612079, -116.93745917,Adalia bipunctata,Note,2020
53.5335722222, -113.5349722222,Adalia bipunctata,Note,2020
51.0504445, -114.17023833,Adalia bipunctata,Note,2020
52.2817383333, -113.7788466667,Adalia bipunctata,Note,2020
51.0957368945, -114.1402639567,Adalia bipunctata,Note,2020
51.0486373204, -114.1244088113,Adalia bipunctata,Note,2020
53.5101788307, -113.4738201692,Adalia bipunctata,Note,2020
51.0295457442, -114.179196556,Adalia bipunctata,Note,2020
51.1674753117, -114.0784154938,Adalia bipunctata,Note,2020
48.387262756, -89.2483781757,Adalia bipunctata,Note,2020
51.1039271457, -114.090205413,Adalia bipunctata,Note,2020
53.53263833, -113.53261667,Adalia bipunctata,Note,2020
49.78075833, -94.46286667,Adalia bipunctata,Note,2020
48.4355332373, -68.5167124495,Adalia bipunctata,Note,2020
51.03483333, -113.998955,Adalia bipunctata,Note,2020
48.47600833, -123.39966667,Adalia bipunctata,Note,2020
49.7050159187, -124.9531148495,Adalia bipunctata,Note,2020
53.5435536873, -113.5857270285,Adalia bipunctata,Note,2020
40.7199933334, -111.8688153663,Adalia bipunctata,Note,2020
40.77067167, -111.85123333,Adalia bipunctata,Note,2020
40.7415831098, -111.8634734664,Adalia bipunctata,Note,2020
40.7664798293, -111.8583296813,Adalia bipunctata,Note,2020
40.7666049269, -111.8584174203,Adalia bipunctata,Note,2020
40.7458582492, -111.8480388509,Adalia bipunctata,Note,2020
40.7506917, -111.88349999,Adalia bipunctata,Note,2020
41.1630583375, -111.967384412,Adalia bipunctata,Note,2020
49.1784440517, -66.3271950324,Adalia bipunctata,Note,2020
48.4298166667, -123.3474366667,Adalia bipunctata,Note,2020
48.0079916667, -66.66873,Adalia bipunctata,Note,2020
51.0293702663, -114.0890422273,Adalia bipunctata,Note,2020
53.494125, -113.52380333,Adalia bipunctata,Note,2020
51.0761659218, -114.0850565415,Adalia bipunctata,Note,2020
53.5435630509, -113.5858085006,Adalia bipunctata,Note,2020
53.5434588561, -113.5856797546,Adalia bipunctata,Note,2020
53.5435867586, -113.585771285,Adalia bipunctata,Note,2020
53.5435210144, -113.5856556147,Adalia bipunctata,Note,2020
53.5436218222, -113.5858336464,Adalia bipunctata,Note,2020
53.5435536873, -113.5857732967,Adalia bipunctata,Note,2020
53.5435469137, -113.5857669264,Adalia bipunctata,Note,2020
53.5434628406, -113.5856864601,Adalia bipunctata,Note,2020
53.5436281974, -113.5858765617,Adalia bipunctata,Note,2020
53.5436949376, -113.5858353227,Adalia bipunctata,Note,2020
53.5436463268, -113.5858366638,Adalia bipunctata,Note,2020
41.31759167, -105.585555,Adalia bipunctata,Note,2020
41.31760333, -105.585695,Adalia bipunctata,Note,2020
41.1294134387, -105.311858666,Adalia bipunctata,Note,2020
41.31746333, -105.58571667,Adalia bipunctata,Note,2020
48.4273033333, -123.3351133333,Adalia bipunctata,Note,2020
48.416464401, -123.3490651795,Adalia bipunctata,Note,2020
51.0611254, -114.1462452,Adalia bipunctata,Note,2020
53.3316666461, -131.9460257221,Adalia bipunctata,Note,2020
48.4369716667, -123.3661283333,Adalia bipunctata,Note,2020
51.036516374, -114.1002608826,Adalia bipunctata,Note,2020
51.0360689722, -114.072219,Adalia bipunctata,Note,2020
53.49427833, -113.60713833,Adalia bipunctata,Note,2020
48.4457721715, -123.3138205431,Adalia bipunctata,Note,2020
48.4283716667, -123.3551866667,Adalia bipunctata,Note,2020
48.4464216667, -123.3958183333,Adalia bipunctata,Note,2020
46.02170283, -118.3995,Adalia bipunctata,Note,2020
45.7, -122.5,Adalia bipunctata,Note,2020
53.5004503156, -113.5611541746,Adalia bipunctata,Note,2020
53.5204466667, -113.6038583333,Adalia bipunctata,Note,2020
48.4300195965, -123.3227441843,Adalia bipunctata,Note,2020
48.7051222222, -119.4396944444,Adalia bipunctata,Note,2020
46.3255444883, -119.3246142598,Adalia bipunctata,Note,2020
47.661337649, -122.4227025916,Adalia bipunctata,Note,2020
47.3133801716, -119.5597152786,Adalia bipunctata,Note,2020
29.5821397566, -95.1981414208,Adalia bipunctata,Note,2020
34.6183614874, -118.202940672,Adalia bipunctata,Note,2020
36.9685786972, -122.0327040027,Adalia bipunctata,Note,2020
53.54361333, -113.53678833,Adalia bipunctata,Note,2020
48.375625, -89.2862638889,Adalia bipunctata,Note,2020
48.42783, -123.3433083333,Adalia bipunctata,Note,2020
48.5210509722, -64.213699,Adalia bipunctata,Note,2020
35.7, -81.26,Adalia bipunctata,Note,2020
36.3847, -75.8287,Adalia bipunctata,Note,2020
39.4611968655, -104.7326958552,Adalia bipunctata,Note,2020
40.5269016949, -104.9983215578,Adalia bipunctata,Note,2020
35.0647555556, -106.5290444444,Adalia bipunctata,Note,2020
35.1416445, -106.66646667,Adalia bipunctata,Note,2020
35.1194821048, -106.6015307051,Adalia bipunctata,Note,2020
39.5374399722, -119.81485,Adalia bipunctata,Note,2020
39.5382249722, -119.812905,Adalia bipunctata,Note,2020
40.126325, -116.47385333,Adalia bipunctata,Note,2020
39.51087167, -119.82717167,Adalia bipunctata,Note,2020
45.1850271179, -109.2476406881,Adalia bipunctata,Note,2020
39.5382440767, -119.8162400723,Adalia bipunctata,Note,2020
39.5393321093, -119.8131518438,Adalia bipunctata,Note,2020
39.5376240353, -119.8138488829,Adalia bipunctata,Note,2020
39.6378643176, -119.721104043,Adalia bipunctata,Note,2020
39.5382220987, -119.7663087398,Adalia bipunctata,Note,2020
39.5146780042, -119.8283504137,Adalia bipunctata,Note,2020
40.058094, -105.195154,Adalia bipunctata,Note,2020
43.6112498942, -116.3860598579,Adalia bipunctata,Note,2020
43.5689722952, -116.1587461344,Adalia bipunctata,Note,2020
43.15432356, -115.66077406,Adalia bipunctata,Note,2020
43.5429602589, -116.4360544422,Adalia bipunctata,Note,2020
43.6296117115, -116.5591056122,Adalia bipunctata,Note,2020
42.5875, -114.3827777778,Adalia bipunctata,Note,2020
43.58188667, -116.401795,Adalia bipunctata,Note,2020
39.4783216667, -106.0446166667,Adalia bipunctata,Note,2020
30.591053009, -98.2330551147,Adalia bipunctata,Note,2021
40.75069253, -111.88354072,Adalia bipunctata,Note,2021
40.7368967403, -111.8405342382,Adalia bipunctata,Note,2021
41.614943, -122.502816,Adalia bipunctata,Note,2021
40.75072154, -111.88353288,Adalia bipunctata,Note,2021
40.7219866667, -111.8689283333,Adalia bipunctata,Note,2021
40.2587361111, -109.8878861111,Adalia bipunctata,Note,2021
40.7058213614, -111.8685750262,Adalia bipunctata,Note,2021
40.7651486822, -111.8868876723,Adalia bipunctata,Note,2021
40.6796720203, -111.9120518362,Adalia bipunctata,Note,2021
40.66648759, -111.87034614,Adalia bipunctata,Note,2021
46.5080861111, -87.6106361111,Adalia bipunctata,Note,2021
40.7219966667, -111.86882,Adalia bipunctata,Note,2021
31.6008125484, -96.5363706147,Adalia bipunctata,Note,2021
37.5635033426, -118.6720366667,Adalia bipunctata,Note,2021
37.5635533333, -118.6719933333,Adalia bipunctata,Note,2021
53.4103066267, -113.9335456864,Adalia bipunctata,Note,2021
53.4103233114, -113.9335258565,Adalia bipunctata,Note,2021
36.6788368225, -121.7909393311,Adalia bipunctata,Note,2021
52.7761001587, -108.2832260132,Adalia bipunctata,Note,2021
52.3859633333, -113.8035283333,Adalia bipunctata,Note,2021
51.0361384997, -114.0725357997,Adalia bipunctata,Note,2021
51.1668909214, -114.3930894263,Adalia bipunctata,Note,2021
35.2002209408, -111.6514320241,Adalia bipunctata,Note,2021
43.5819083333, -116.4018083333,Adalia bipunctata,Note,2021
43.5818633333, -116.4018033333,Adalia bipunctata,Note,2021
40.0394166667, -105.0716138889,Adalia bipunctata,Note,2021
39.8888592824, -104.9323988253,Adalia bipunctata,Note,2021
43.44476061, -116.61002524,Adalia bipunctata,Note,2021
43.6116415206, -116.8151717158,Adalia bipunctata,Note,2021
43.589157106, -116.2170498179,Adalia bipunctata,Note,2021
40.5766929722, -105.032319,Adalia bipunctata,Note,2021
38.846625, -104.7218783333,Adalia bipunctata,Note,2021
43.5817966667, -116.4019166667,Adalia bipunctata,Note,2021
43.58175, -116.4021083333,Adalia bipunctata,Note,2021
43.56791325, -116.1548743333,Adalia bipunctata,Note,2021
43.6076270958, -116.1999076093,Adalia bipunctata,Note,2021
43.581745, -116.40178,Adalia bipunctata,Note,2021
43.581895, -116.40187,Adalia bipunctata,Note,2021
43.5819883333, -116.4018166667,Adalia bipunctata,Note,2021
43.5818866667, -116.4018633333,Adalia bipunctata,Note,2021
43.58197, -116.4018783333,Adalia bipunctata,Note,2021
43.5818283333, -116.401695,Adalia bipunctata,Note,2021
43.5819033333, -116.401755,Adalia bipunctata,Note,2021
43.6491778708, -116.2522752865,Adalia bipunctata,Note,2021
34.4760360718, -87.2965927124,Adalia bipunctata,Note,2021
48.42043, -123.35723,Adalia bipunctata,Note,2021
48.4354125619, -68.5169178892,Adalia bipunctata,Note,2021
51.0433361111, -114.0196888889,Adalia bipunctata,Note,2021
51.0224533081, -114.1913986206,Adalia bipunctata,Note,2021
51.0441518, -114.1860647997,Adalia bipunctata,Note,2021
51.3046916667, -114.01079445,Adalia bipunctata,Note,2021
48.4308293264, -123.3636995952,Adalia bipunctata,Note,2021
52.2441604662, -113.8238418102,Adalia bipunctata,Note,2021
52.2821835721, -113.8463073224,Adalia bipunctata,Note,2021
52.9649643246, -113.3628978491,Adalia bipunctata,Note,2021
53.5334633333, -113.4227916667,Adalia bipunctata,Note,2021
52.2023916667, -113.7756366667,Adalia bipunctata,Note,2021
48.4470007019, -89.2168526682,Adalia bipunctata,Note,2021
49.4403133333, -114.23027,Adalia bipunctata,Note,2021
48.0940805, -65.0811916667,Adalia bipunctata,Note,2021
49.4948716667, -112.6858283333,Adalia bipunctata,Note,2021
53.4105873108, -113.9337844849,Adalia bipunctata,Note,2021
53.4103775024, -113.9345016479,Adalia bipunctata,Note,2021
51.297955, -114.0470888333,Adalia bipunctata,Note,2021
50.7159468987, -113.9821924668,Adalia bipunctata,Note,2021
51.0326721667, -114.0641638333,Adalia bipunctata,Note,2021
51.0324445, -114.0706166667,Adalia bipunctata,Note,2021
46.5380799298, -84.3396887183,Adalia bipunctata,Note,2021
51.0416388889, -114.013725,Adalia bipunctata,Note,2021
48.2399054835, -79.0215904521,Adalia bipunctata,Note,2021
51.0917666667, -114.1573333333,Adalia bipunctata,Note,2021
48.4347154769, -89.2582440676,Adalia bipunctata,Note,2021
42.3141966667, -122.837045,Adalia bipunctata,Note,2021
45.940362436, -117.449766633,Adalia bipunctata,Note,2021
48.4399611111, -89.2247166667,Adalia bipunctata,Note,2021
51.04211, -114.019515,Adalia bipunctata,Note,2021
48.4299666667, -123.37062,Adalia bipunctata,Note,2021
45.325011, -118.031311,Adalia bipunctata,Note,2021
51.0409129829, -114.0266005539,Adalia bipunctata,Note,2021
48.4495366667, -123.3716883333,Adalia bipunctata,Note,2021
53.5844112246, -113.3799219134,Adalia bipunctata,Note,2021
52.2805539388, -113.7997346185,Adalia bipunctata,Note,2021
53.4105072021, -113.9335327148,Adalia bipunctata,Note,2021
51.01105, -114.0923944444,Adalia bipunctata,Note,2021
53.5473992039, -113.491605086,Adalia bipunctata,Note,2021
53.3633694444, -113.71335,Adalia bipunctata,Note,2021
52.4869198997, -113.7175763,Adalia bipunctata,Note,2021
45.8497616667, -76.539375,Adalia bipunctata,Note,2021
47.3247937982, -79.4412727463,Adalia bipunctata,Note,2021
48.4648952164, -123.314530328,Adalia bipunctata,Note,2021
48.42857, -123.369325,Adalia bipunctata,Note,2021
48.4390764095, -68.5210261121,Adalia bipunctata,Note,2021
51.0422083333, -114.0234194444,Adalia bipunctata,Note,2021
48.4390699515, -68.5210254606,Adalia bipunctata,Note,2021
53.513757675, -113.5729116854,Adalia bipunctata,Note,2021
41.4901237488, -71.5419998169,Adalia bipunctata,Note,2021
41.7876916667, -71.425475,Adalia bipunctata,Note,2021
41.7794096936, -71.4134157915,Adalia bipunctata,Note,2021
41.8156904262, -71.4301637561,Adalia bipunctata,Note,2021
50.9927027778, -114.0859666667,Adalia bipunctata,Note,2021
53.4103012085, -113.9343338013,Adalia bipunctata,Note,2021
53.4103355408, -113.9342651367,Adalia bipunctata,Note,2021
51.0088217724, -114.2123468582,Adalia bipunctata,Note,2021
51.034111045, -114.1978059482,Adalia bipunctata,Note,2021
51.103425, -114.0668333333,Adalia bipunctata,Note,2021
50.9946444444, -114.1477027778,Adalia bipunctata,Note,2021
50.9945972222, -114.1478166667,Adalia bipunctata,Note,2021
53.5105555556, -113.4677777778,Adalia bipunctata,Note,2021
53.5078456253, -113.566606315,Adalia bipunctata,Note,2021
51.0468971997, -114.0290911997,Adalia bipunctata,Note,2021
48.907245, -95.3057033333,Adalia bipunctata,Note,2021
39.42074667, -120.24764167,Adalia bipunctata,Note,2021
53.5185166667, -113.4811783333,Adalia bipunctata,Note,2021
53.23168, -112.8699033333,Adalia bipunctata,Note,2021
50.1424147485, -101.6632704064,Adalia bipunctata,Note,2021
53.4103430938, -113.9335599205,Adalia bipunctata,Note,2021
52.0311058198, -113.9502268052,Adalia bipunctata,Note,2021
50.7137048464, -113.9810944381,Adalia bipunctata,Note,2021
53.4103317205, -113.9335290997,Adalia bipunctata,Note,2021
53.4103310349, -113.9335214736,Adalia bipunctata,Note,2021
53.5272653836, -113.4526556568,Adalia bipunctata,Note,2021
51.190505, -114.49398,Adalia bipunctata,Note,2021
52.31652, -112.7072,Adalia bipunctata,Note,2021
53.52697, -113.5794133333,Adalia bipunctata,Note,2021
51.416724, -105.2404609722,Adalia bipunctata,Note,2021
38.6521166667, -120.0146277833,Adalia bipunctata,Note,2021
49.28677, -81.6398616667,Adalia bipunctata,Note,2021
53.5226866667, -113.46823,Adalia bipunctata,Note,2021
52.595216, -110.6084299722,Adalia bipunctata,Note,2021
51.4681467997, -112.7092075997,Adalia bipunctata,Note,2021
51.1810071505, -115.573569797,Adalia bipunctata,Note,2021
51.0242611667, -114.001280555,Adalia bipunctata,Note,2021
50.7136387219, -113.9809724064,Adalia bipunctata,Note,2021
51.0376944444, -114.0138388889,Adalia bipunctata,Note,2021
49.2867883333, -81.6396166667,Adalia bipunctata,Note,2021
51.04133486, -114.17605472,Adalia bipunctata,Note,2021
52.4757916667, -112.8051194444,Adalia bipunctata,Note,2021
48.3925026842, -89.2219652401,Adalia bipunctata,Note,2021
35.08188883, -106.62443667,Adalia bipunctata,Note,2021
51.0563240051, -114.0788345337,Adalia bipunctata,Note,2021
43.266525, -81.81257,Adalia bipunctata,Note,2021
50.9935416667, -114.1464777778,Adalia bipunctata,Note,2021
53.410697937, -113.9334411621,Adalia bipunctata,Note,2021
50.980555, -114.0973195,Adalia bipunctata,Note,2021
51.0358843232, -114.0421044154,Adalia bipunctata,Note,2021
48.4200515747, -123.3635559082,Adalia bipunctata,Note,2021
50.778446, -121.0775069999,Adalia bipunctata,Note,2021
53.4092979431, -113.9349517822,Adalia bipunctata,Note,2021
53.4102325439, -113.9276580811,Adalia bipunctata,Note,2021
51.0380166667, -114.0162805556,Adalia bipunctata,Note,2021
51.0392388889, -114.0125916667,Adalia bipunctata,Note,2021
48.4706190942, -123.4039075892,Adalia bipunctata,Note,2021
34.1985369231, -117.1339759016,Adalia bipunctata,Note,2021
40.3665863696, -120.6185388651,Adalia bipunctata,Note,2021
48.4206045027, -89.264770578,Adalia bipunctata,Note,2021
39.5326222222, -119.8809861111,Adalia bipunctata,Note,2021
39.5158253809, -119.815108583,Adalia bipunctata,Note,2021
39.5160613535, -119.8258272094,Adalia bipunctata,Note,2021
38.9726215, -114.2669824,Adalia bipunctata,Note,2021
53.5269966667, -113.579125,Adalia bipunctata,Note,2021
48.434095, -89.2410016667,Adalia bipunctata,Note,2021
53.35087, -104.0237971667,Adalia bipunctata,Note,2021
36.7927391667, -118.5873894167,Adalia bipunctata,Note,2021
41.2058173, -122.2733523,Adalia bipunctata,Note,2021
50.7141687013, -113.980713119,Adalia bipunctata,Note,2021
47.5283559689, -114.0992205576,Adalia bipunctata,Note,2021
53.835198338, -113.4140076677,Adalia bipunctata,Note,2021
53.364989, -113.7142939722,Adalia bipunctata,Note,2021
53.4102991859, -113.9344030891,Adalia bipunctata,Note,2021
51.049243927, -114.0642700195,Adalia bipunctata,Note,2021
52.4746669722, -113.756224,Adalia bipunctata,Note,2021
53.39100503, -108.96147506,Adalia bipunctata,Note,2021
48.3756667135, -89.2860677025,Adalia bipunctata,Note,2021
43.5818666667, -116.4019866667,Adalia bipunctata,Note,2021
51.0401305556, -114.0309,Adalia bipunctata,Note,2021
48.431095, -123.34205,Adalia bipunctata,Note,2021
48.4353962122, -68.516795598,Adalia bipunctata,Note,2021
40.7462062937, -111.8746992469,Adalia bipunctata,Note,2021
51.0752906799, -114.1673049927,Adalia bipunctata,Note,2021
45.2157669722, -75.676603,Adalia bipunctata,Note,2021
53.4116319722, -113.562578,Adalia bipunctata,Note,2021
52.3029668883, -113.8303954527,Adalia bipunctata,Note,2021
49.2254366667, -90.9320916667,Adalia bipunctata,Note,2021
53.5155416667, -113.514245,Adalia bipunctata,Note,2021
43.5818216667, -116.402,Adalia bipunctata,Note,2021
52.2821055556, -113.7807277778,Adalia bipunctata,Note,2021
45.8069420792, -108.4635700565,Adalia bipunctata,Note,2021
51.0770935061, -114.1623305529,Adalia bipunctata,Note,2021
52.4634883333, -113.7478783333,Adalia bipunctata,Note,2021
44.926065, -110.3184333333,Adalia bipunctata,Note,2021
40.764402618, -111.8443424976,Adalia bipunctata,Note,2021
52.1933414, -113.2436766,Adalia bipunctata,Note,2021
43.5821583333, -116.4024583333,Adalia bipunctata,Note,2021
52.2784453599, -113.835101192,Adalia bipunctata,Note,2021
52.3800133333, -113.8048866667,Adalia bipunctata,Note,2021
35.4217888, -80.592128,Adalia bipunctata,Note,2021
49.6748466492, -124.9445037842,Adalia bipunctata,Note,2021
52.133955, -113.870017,Adalia bipunctata,Note,2021
53.4103403778, -113.9334393335,Adalia bipunctata,Note,2021
52.2001190186, -113.6840820313,Adalia bipunctata,Note,2021
51.0491347663, -114.0673468561,Adalia bipunctata,Note,2021
42.7419327359, -112.8988536552,Adalia bipunctata,Note,2021
49.9398184939, -119.3963914559,Adalia bipunctata,Note,2021
52.25827, -113.77697,Adalia bipunctata,Note,2021
52.3106562117, -113.7674246238,Adalia bipunctata,Note,2021
39.6188889, -120.6175,Adalia bipunctata,Note,2021
49.10151, -113.6336283333,Adalia bipunctata,Note,2021
49.101575, -113.6336183333,Adalia bipunctata,Note,2021
51.0118320306, -114.2155639095,Adalia bipunctata,Note,2021
39.9570441, -105.1594,Adalia bipunctata,Note,2010
39.645998, -104.90986,Adalia bipunctata,Note,2012
39.5444444, -104.96805,Adalia bipunctata,Note,2012
39.7047095, -105.08137,Adalia bipunctata,Note,2012
39.5437393, -104.94634,Adalia bipunctata,Note,2013
53.9113022, -122.77446,Adalia bipunctata,Note,2013
53.71, -111.74,Adalia bipunctata,Note,2015
47.7913017, -122.22899,Adalia bipunctata,Note,2015
53.7104, -111.744,Adalia bipunctata,Note,2015
53.709999084472656, -111.73999786376952,Adalia bipunctata,Note,2015
47.654348, -122.292222,Adalia bipunctata,Note,2015
50.92, -114.09,Adalia bipunctata,Note,2016
50.90999984741211, -114.08000183105467,Adalia bipunctata,Note,2016
50.91, -114.08,Adalia bipunctata,Note,2016
50.9182, -114.089,Adalia bipunctata,Note,2016
50.91999816894531, -114.08999633789062,Adalia bipunctata,Note,2016
41.8017747991, -120.2064800333,Adalia bipunctata,Note,2016
39.5437393, -104.94634,Adalia bipunctata,Note,2016
50.9395817777, -113.9800751988,Adalia bipunctata,Note,2017
50.9395682564, -113.9807082,Adalia bipunctata,Note,2018
46.8129361111, -100.788125,Adalia bipunctata,Note,2018
39.6577033333, -104.9153833333,Adalia bipunctata,Note,2018
39.98088, -105.2434216667,Adalia bipunctata,Note,2018
50.9617881775, -114.0053482056,Adalia bipunctata,Note,2019
39.9759533333, -105.1287166667,Adalia bipunctata,Note,2019
50.93966333, -113.98137,Adalia bipunctata,Note,2020
48.788876, -123.63649,Adalia bipunctata,Note,2020
47.0679284851, -119.4922953501,Adalia bipunctata,Note,2020
39.93853, -105.1270138333,Adalia bipunctata,Note,2020
40.44297, -104.800225,Adalia bipunctata,Note,2020
39.6793139722, -104.8845869722,Adalia bipunctata,Note,2021
39.6697909722, -104.876052,Adalia bipunctata,Note,2021
39.6331944444, -104.9708333333,Adalia bipunctata,Note,2021
39.6148999195, -104.9068320255,Adalia bipunctata,Note,2021
50.9396861111, -113.9811472222,Adalia bipunctata,Note,2021
50.940345, -113.979545,Adalia bipunctata,Note,2021
50.9395682564, -113.9807082,Adalia bipunctata,Note,2021
53.4732682, -113.37093,Adalia bipunctata,Note,2011
53.523319, -113.30875,Adalia bipunctata,Note,2011
53.52, -113.32,Adalia bipunctata,Note,2015
53.52, -113.321,Adalia bipunctata,Note,2015
53.52000045776367, -113.31999969482422,Adalia bipunctata,Note,2015
53.5423832833, -113.2617812917,Adalia bipunctata,Note,2016
53.5311584312, -113.2585526432,Adalia bipunctata,Note,2018
53.4699886128, -113.4091410948,Adalia bipunctata,Note,2020
47.6500052778, -122.3542555556,Adalia bipunctata,Note,2020
47.6674068127, -122.3119188632,Adalia bipunctata,Note,2020
42.6220507, -71.322359,Adalia bipunctata,Note,2012
40.2749222378, -111.7098282651,Adalia bipunctata,Note,2018
41.6456, -120.2183,Adalia bipunctata,Note,2020
40.2862033333, -111.7002633333,Adalia bipunctata,Note,2021
45.6793212, -111.03318,Adalia bipunctata,Note,2013
45.6793212, -111.03318,Adalia bipunctata,Note,2016
45.4779805556, -122.5688083333,Adalia bipunctata,Note,2021
45.4779891035, -122.5691312098,Adalia bipunctata,Note,2021
40.6177825464, -74.1010795999,Adalia bipunctata,Note,2020
40.7069466727, -74.0187833333,Adalia bipunctata,Note,2021
40.64262, -73.968381,Adalia bipunctata,Note,2017
40.64159667, -73.973945,Adalia bipunctata,Note,2020
40.6426422976, -73.9682063833,Adalia bipunctata,Note,2020
40.6426348893, -73.9682321178,Adalia bipunctata,Note,2021
40.6426344111, -73.968235217,Adalia bipunctata,Note,2021
40.6426326302, -73.9682281762,Adalia bipunctata,Note,2021
40.6426323758, -73.9682298526,Adalia bipunctata,Note,2021
40.6498094652, -73.9632583782,Adalia bipunctata,Note,2021
40.6426366685, -73.968222364,Adalia bipunctata,Note,2021
40.6426356471, -73.9682402771,Adalia bipunctata,Note,2021
40.6426351743, -73.968227841,Adalia bipunctata,Note,2021
40.6426389903, -73.9682248235,Adalia bipunctata,Note,2021
40.6426339022, -73.9682308584,Adalia bipunctata,Note,2021
40.6426277966, -73.9682345465,Adalia bipunctata,Note,2021
40.6426367007, -73.9682328701,Adalia bipunctata,Note,2021
40.6426383459, -73.9681903404,Adalia bipunctata,Note,2021
40.6388651804, -73.9653406863,Adalia bipunctata,Note,2021
40.6672370865, -73.982397512,Adalia bipunctata,Note,2017
40.6037780119, -73.9741533451,Adalia bipunctata,Note,2018
40.5991363954, -73.9559657872,Adalia bipunctata,Note,2018
40.6958351135, -73.9975128174,Adalia bipunctata,Note,2018
40.69556427, -73.9989929199,Adalia bipunctata,Note,2019
40.69312, -74.001494445,Adalia bipunctata,Note,2019
40.6947309722, -73.999716,Adalia bipunctata,Note,2020
40.6949575, -73.9984606,Adalia bipunctata,Note,2020
40.6927573435, -74.0018299497,Adalia bipunctata,Note,2021
40.694307, -74.0000909722,Adalia bipunctata,Note,2021
40.6981909534, -73.9993032546,Adalia bipunctata,Note,2021
40.692495, -74.0009249722,Adalia bipunctata,Note,2021
40.693098069, -74.0024797784,Adalia bipunctata,Note,2021
40.692714, -74.001361,Adalia bipunctata,Note,2021
40.6923389722, -74.0002989722,Adalia bipunctata,Note,2021
40.6928830607, -74.0021585451,Adalia bipunctata,Note,2021
40.69458, -73.9999916667,Adalia bipunctata,Note,2021
40.6945949722, -73.999367,Adalia bipunctata,Note,2021
40.6955, -73.9994716667,Adalia bipunctata,Note,2021
40.6942239719, -73.999820079,Adalia bipunctata,Note,2021
40.6957075782, -73.9991684021,Adalia bipunctata,Note,2021
40.633475, -74.0010083333,Adalia bipunctata,Note,2021
40.65597125, -73.9967607904,Adalia bipunctata,Note,2017
40.6525154257, -74.0030282279,Adalia bipunctata,Note,2017
40.6524947685, -74.0030022908,Adalia bipunctata,Note,2017
40.6540046716, -74.0058246762,Adalia bipunctata,Note,2018
40.6559204824, -73.9967341955,Adalia bipunctata,Note,2021
40.6559179076, -73.9967299672,Adalia bipunctata,Note,2021
40.655362762, -74.0016871727,Adalia bipunctata,Note,2021
40.6546703382, -74.0170731454,Adalia bipunctata,Note,2021
40.6554932859, -73.9970866722,Adalia bipunctata,Note,2021
40.6555778556, -73.9970866451,Adalia bipunctata,Note,2021
40.6557161792, -74.0025127322,Adalia bipunctata,Note,2021
40.6555015551, -73.9970947254,Adalia bipunctata,Note,2021
40.6539080839, -74.0016320566,Adalia bipunctata,Note,2021
40.6555554223, -73.9970883673,Adalia bipunctata,Note,2021
47.705915, -116.92147,Adalia bipunctata,Note,2010
47.7179578, -116.95158,Adalia bipunctata,Note,2010
53.798429, -113.64301,Adalia bipunctata,Note,2011
49.6755147, -112.87597,Adalia bipunctata,Note,2012
49.6804, -112.803,Adalia bipunctata,Note,2014
49.6967, -112.8091,Adalia bipunctata,Note,2014
49.6837997, -112.818,Adalia bipunctata,Note,2014
49.67, -112.81,Adalia bipunctata,Note,2015
54.08000183105469, -122.9800033569336,Adalia bipunctata,Note,2015
54.08, -122.98,Adalia bipunctata,Note,2015
49.672, -112.813,Adalia bipunctata,Note,2015
49.66999816894531, -112.80999755859376,Adalia bipunctata,Note,2015
49.6773133333, -112.8606116667,Adalia bipunctata,Note,2016
49.6523333333, -112.8706366667,Adalia bipunctata,Note,2018
40.3069431354, -111.6818900739,Adalia bipunctata,Note,2019
40.3293354215, -111.7172851413,Adalia bipunctata,Note,2019
49.6736942, -112.892826,Adalia bipunctata,Note,2019
53.8038072446, -123.0558745386,Adalia bipunctata,Note,2019
53.4582015748, -113.5171892541,Adalia bipunctata,Note,2020
49.7225, -112.6358333333,Adalia bipunctata,Note,2020
49.69645, -112.808273,Adalia bipunctata,Note,2020
49.6542604689, -112.8744130887,Adalia bipunctata,Note,2021
49.67062, -112.8878466667,Adalia bipunctata,Note,2021
53.4665064925, -113.6763293019,Adalia bipunctata,Note,2021
53.9175987, -122.77799,Adalia bipunctata,Note,2014
40.4232711, -104.69445,Adalia bipunctata,Note,2015
46.9970283, -120.54872,Adalia bipunctata,Note,2016
40.9837133333, -111.903855,Adalia bipunctata,Note,2018
49.0603471667, -119.125625,Adalia bipunctata,Note,2021
49.336915, -110.586465,Adalia bipunctata,Note,2021
40.534099, -105.213007,Adalia bipunctata,Note,2007
50.9531231289, -114.1311785981,Adalia bipunctata,Note,2019
43.708225, -116.318445,Adalia bipunctata,Note,2021
51.1272416997, -114.1086923997,Adalia bipunctata,Note,2021
51.0906604878, -114.2127605089,Adalia bipunctata,Note,2010
40.7672, -111.89412,Adalia bipunctata,Note,2010
47.7065023, -117.41391,Adalia bipunctata,Note,2011
47.666125, -117.404417,Adalia bipunctata,Note,2014
47.6572608, -117.41227,Adalia bipunctata,Note,2014
47.6984, -117.419,Adalia bipunctata,Note,2014
47.666738, -117.40517,Adalia bipunctata,Note,2015
47.66663, -117.406331,Adalia bipunctata,Note,2015
51.092054, -114.20981,Adalia bipunctata,Note,2015
47.6274216667, -117.5364216667,Adalia bipunctata,Note,2017
40.7367096977, -111.9243376734,Adalia bipunctata,Note,2018
40.736176126, -111.9250885932,Adalia bipunctata,Note,2018
40.73656591, -111.92443992,Adalia bipunctata,Note,2018
47.6737058768, -117.347446382,Adalia bipunctata,Note,2018
39.6873654993, -104.9614805805,Adalia bipunctata,Note,2018
40.6616388844, -111.9677841624,Adalia bipunctata,Note,2019
40.7201271057, -111.9729995728,Adalia bipunctata,Note,2019
40.7441099723, -111.9203054837,Adalia bipunctata,Note,2019
40.7199211121, -111.973274231,Adalia bipunctata,Note,2019
40.6618538447, -111.9676307868,Adalia bipunctata,Note,2019
40.7492295, -111.9208219,Adalia bipunctata,Note,2019
40.7482032776, -111.9192733765,Adalia bipunctata,Note,2019
40.7360881867, -111.9240286137,Adalia bipunctata,Note,2019
51.1259920307, -114.1763922352,Adalia bipunctata,Note,2019
47.6657516667, -117.40642,Adalia bipunctata,Note,2019
51.1359011256, -114.151124954,Adalia bipunctata,Note,2020
51.1067420576, -114.1750723061,Adalia bipunctata,Note,2020
51.132697936, -114.1487413465,Adalia bipunctata,Note,2020
51.1067791087, -114.1750559293,Adalia bipunctata,Note,2020
50.9796729722, -113.6569029722,Adalia bipunctata,Note,2020
51.1143, -114.19937833,Adalia bipunctata,Note,2020
46.9916065509, -120.5144882785,Adalia bipunctata,Note,2020
47.68443055, -117.37575,Adalia bipunctata,Note,2020
51.0975133744, -114.229619606,Adalia bipunctata,Note,2020
51.1065614863, -114.1749161896,Adalia bipunctata,Note,2020
51.1098022461, -114.1700439453,Adalia bipunctata,Note,2020
49.4901116667, -119.6270533333,Adalia bipunctata,Note,2021
51.135524129, -114.1456747055,Adalia bipunctata,Note,2021
49.4985854921, -119.609542595,Adalia bipunctata,Note,2021
50.9315567014, -114.1075897217,Adalia bipunctata,Note,2021
47.6665917674, -117.408365823,Adalia bipunctata,Note,2021
40.6987372264, -111.9229408354,Adalia bipunctata,Note,2021
47.6736535646, -117.437060075,Adalia bipunctata,Note,2021
39.65, -104.99,Adalia bipunctata,Note,2012
39.6050189878, -105.0836583875,Adalia bipunctata,Note,2017
39.6535988, -105.19109,Adalia bipunctata,Note,2008
39.65298, -105.1882383333,Adalia bipunctata,Note,2019
39.84048, -105.1021195,Adalia bipunctata,Note,2021
46.6157164175, -120.466023981,Adalia bipunctata,Note,2017
37.8060826397, -122.2565864886,Adalia bipunctata,Note,2019
58.77000045776367, -93.83999633789062,Adalia bipunctata,Note,2007
58.77, -93.84,Adalia bipunctata,Note,2007
58.769, -94.172,Adalia bipunctata,Note,2007
58.738, -93.819,Adalia bipunctata,Note,2008
58.73799896240234, -93.81900024414062,Adalia bipunctata,Note,2008
58.72999954223633, -93.80999755859376,Adalia bipunctata,Note,2009
58.73, -93.81,Adalia bipunctata,Note,2009
58.619998931884766, -94.2300033569336,Adalia bipunctata,Note,2010
58.7599983215332, -94.16999816894533,Adalia bipunctata,Note,2010
58.62, -94.23,Adalia bipunctata,Note,2010
58.76, -94.17,Adalia bipunctata,Note,2010
58.728, -93.792,Adalia bipunctata,Note,2010
58.663, -94.166,Adalia bipunctata,Note,2010
46.7323493, -117.00054,Adalia bipunctata,Note,2013
46.7323493, -117.00054,Adalia bipunctata,Note,2015
46.7427681065, -116.985734403,Adalia bipunctata,Note,2017
46.7272397222, -116.9660597222,Adalia bipunctata,Note,2018
46.7427490519, -116.985612188,Adalia bipunctata,Note,2018
46.7427040197, -116.9858777267,Adalia bipunctata,Note,2018
46.7273597222, -116.9663413889,Adalia bipunctata,Note,2018
46.7426416013, -116.985861051,Adalia bipunctata,Note,2019
46.742660516, -116.9858766078,Adalia bipunctata,Note,2020
46.73, -117.0011138883,Adalia bipunctata,Note,2021
46.7230057273, -117.0115539717,Adalia bipunctata,Note,2021
49.698143, -123.164715,Adalia bipunctata,Note,2019
39.450138092, -104.7176895142,Adalia bipunctata,Note,2021
58.619998931884766, -93.81999969482422,Adalia bipunctata,Note,2008
58.62, -93.82,Adalia bipunctata,Note,2008
52.8728957284, -118.0836791977,Adalia bipunctata,Note,2017
40.5220090501, -111.8654970669,Adalia bipunctata,Note,2018
40.5218420406, -111.8648632145,Adalia bipunctata,Note,2020
40.51654667, -111.871545,Adalia bipunctata,Note,2020
40.5523006654, -111.836367722,Adalia bipunctata,Note,2021
40.4813416667, -111.8787083333,Adalia bipunctata,Note,2021
40.5170835931, -111.8695532244,Adalia bipunctata,Note,2021
40.5169462641, -111.869548374,Adalia bipunctata,Note,2021
45.861905, -120.956947,Adalia bipunctata,Note,2016
40.4053510402, -105.0969192021,Adalia bipunctata,Note,2017
43.573212, -116.140872,Adalia bipunctata,Note,2019
43.740398, -116.1222,Adalia bipunctata,Note,2019
40.5701779847, -111.8440961822,Adalia bipunctata,Note,2019
40.5927273806, -111.8856536233,Adalia bipunctata,Note,2019
40.6014777778, -111.8886583333,Adalia bipunctata,Note,2021
40.5951004028, -111.8761138916,Adalia bipunctata,Note,2021
40.6013993889, -111.8707311944,Adalia bipunctata,Note,2021
39.8272821808, -104.858751297,Adalia bipunctata,Note,2018
39.8276160452, -104.8588371277,Adalia bipunctata,Note,2018
53.6304753, -113.62564,Adalia bipunctata,Note,2012
53.670717, -113.49182,Adalia bipunctata,Note,2012
53.6304753, -113.62564,Adalia bipunctata,Note,2013
49.21, -123.97,Adalia bipunctata,Note,2015
49.20000076293945, -123.97000122070312,Adalia bipunctata,Note,2015
49.207, -123.972,Adalia bipunctata,Note,2015
49.2, -123.97,Adalia bipunctata,Note,2015
53.6189002, -113.637,Adalia bipunctata,Note,2015
49.209999084472656, -123.97000122070312,Adalia bipunctata,Note,2015
48.649062, -123.404838,Adalia bipunctata,Note,2018
48.427775, -71.21645333,Adalia bipunctata,Note,2020
47.8298246955, -69.543989325,Adalia bipunctata,Note,2020
49.13, -123.912,Adalia bipunctata,Note,2020
49.235727905, -124.0000629655,Adalia bipunctata,Note,2020
53.6051782579, -113.5493650574,Adalia bipunctata,Note,2021
53.6336383, -113.4690125,Adalia bipunctata,Note,2021
49.2339033333, -123.97882,Adalia bipunctata,Note,2021
46.744984, -116.9898639722,Adalia bipunctata,Note,2020
37.7787755, -122.2238557,Adalia bipunctata,Note,2019
37.7729759216, -122.2333679199,Adalia bipunctata,Note,2019
45.5290033333, -122.5433283333,Adalia bipunctata,Note,2019
52.1274342101, -106.7476086061,Adalia bipunctata,Note,2019
52.1298828227, -106.7248318505,Adalia bipunctata,Note,2020
52.1301318932, -106.7466736906,Adalia bipunctata,Note,2020
37.57269167, -122.0765,Adalia bipunctata,Note,2020
52.1310825492, -106.7328323175,Adalia bipunctata,Note,2021
52.0978427843, -106.7641309231,Adalia bipunctata,Note,2021
52.1072998, -106.635,Adalia bipunctata,Note,2015
52.1098460222, -106.6419473763,Adalia bipunctata,Note,2020
52.1103850147, -106.6423776281,Adalia bipunctata,Note,2020
52.1160144588, -106.6545886822,Adalia bipunctata,Note,2021
52.1159172056, -106.6547241208,Adalia bipunctata,Note,2021
52.116165374, -106.6546493619,Adalia bipunctata,Note,2021
52.1129138, -106.655181,Adalia bipunctata,Note,2021
32.7774889843, -117.07131319,Adalia bipunctata,Note,2018
37.338955, -121.9212883333,Adalia bipunctata,Note,2019
52.1509805, -106.7389966667,Adalia bipunctata,Note,2021
45.5844166667, -122.7490833333,Adalia bipunctata,Note,2021
51.1353420603, -114.2156587931,Adalia bipunctata,Note,2020
48.783665666, -123.6770669259,Adalia bipunctata,Note,2020
49.5740282315, -119.623667006,Adalia bipunctata,Note,2020
49.5740434803, -119.6237700102,Adalia bipunctata,Note,2020
49.572786089, -119.6236226313,Adalia bipunctata,Note,2021
51.0584, -115.1593194444,Adalia bipunctata,Note,2021
48.57727, -123.569,Adalia bipunctata,Note,2019
50.4201935399, -104.6342463009,Adalia bipunctata,Note,2018
50.4393917229, -104.5911493152,Adalia bipunctata,Note,2019
51.155558419, -114.0883522083,Adalia bipunctata,Note,2019
50.912333, -113.953608,Adalia bipunctata,Note,2020
50.91299667, -113.96122833,Adalia bipunctata,Note,2020
50.9155846055, -113.9716310754,Adalia bipunctata,Note,2020
46.5198777778, -84.2939555556,Adalia bipunctata,Note,2021
50.4257455482, -104.6168026328,Adalia bipunctata,Note,2021
50.426073632, -104.6168026328,Adalia bipunctata,Note,2021
39.688, -104.6897,Adalia bipunctata,Note,2015
51.1452266146, -114.0773482562,Adalia bipunctata,Note,2020
50.4660987, -104.62699,Adalia bipunctata,Note,2014
50.4910617539, -104.610135331,Adalia bipunctata,Note,2014
50.4909188412, -104.609918072,Adalia bipunctata,Note,2014
50.49109171, -104.61020064,Adalia bipunctata,Note,2015
50.4660987, -104.62699,Adalia bipunctata,Note,2016
50.4911158, -104.61025766,Adalia bipunctata,Note,2017
50.4421043583, -104.6229242721,Adalia bipunctata,Note,2017
50.4416283333, -104.6225133333,Adalia bipunctata,Note,2017
50.4413633333, -104.6202383333,Adalia bipunctata,Note,2017
50.4391965892, -104.6173550628,Adalia bipunctata,Note,2017
50.442, -104.6228716667,Adalia bipunctata,Note,2017
50.4420133333, -104.6229783333,Adalia bipunctata,Note,2017
50.4419917371, -104.6228397979,Adalia bipunctata,Note,2017
50.4419915226, -104.6228489509,Adalia bipunctata,Note,2018
50.4419914452, -104.6228521218,Adalia bipunctata,Note,2018
50.4419848891, -104.6228063022,Adalia bipunctata,Note,2018
50.4497833333, -104.5553966667,Adalia bipunctata,Note,2019
50.44128, -104.62078,Adalia bipunctata,Note,2019
50.44222, -104.62303,Adalia bipunctata,Note,2019
50.441975, -104.6231783333,Adalia bipunctata,Note,2019
50.4749832153, -104.6429672241,Adalia bipunctata,Note,2019
50.4599576, -104.65208589,Adalia bipunctata,Note,2019
50.4358872492, -104.6314037405,Adalia bipunctata,Note,2019
50.4420265236, -104.6231003293,Adalia bipunctata,Note,2019
50.4916152954, -104.611328125,Adalia bipunctata,Note,2019
50.4719619751, -104.6499633789,Adalia bipunctata,Note,2019
50.506815412, -104.6628342952,Adalia bipunctata,Note,2019
50.4381116667, -104.6244283333,Adalia bipunctata,Note,2019
50.44196667, -104.62265,Adalia bipunctata,Note,2020
50.44197, -104.62265833,Adalia bipunctata,Note,2020
50.4420510323, -104.6225814515,Adalia bipunctata,Note,2020
50.44202833, -104.62275833,Adalia bipunctata,Note,2020
50.44192833, -104.623,Adalia bipunctata,Note,2020
50.4361216667, -104.621545,Adalia bipunctata,Note,2021
50.4397417686, -104.6174892783,Adalia bipunctata,Note,2021
50.4393044494, -104.6171459556,Adalia bipunctata,Note,2021
50.4419866667, -104.6226416667,Adalia bipunctata,Note,2021
50.4419866667, -104.6226366667,Adalia bipunctata,Note,2021
50.4356964113, -104.6312221885,Adalia bipunctata,Note,2021
50.4407883333, -104.6299283333,Adalia bipunctata,Note,2021
50.44203, -104.62252,Adalia bipunctata,Note,2021
51.0191459722, -113.812634,Adalia bipunctata,Note,2021
45.562079, -122.68199,Adalia bipunctata,Note,2012
45.52669, -122.662365,Adalia bipunctata,Note,2015
45.5634196288, -122.6729807022,Adalia bipunctata,Note,2018
45.5764856011, -122.633451854,Adalia bipunctata,Note,2019
45.5193755475, -122.6745243599,Adalia bipunctata,Note,2019
45.5734545302, -122.6838664373,Adalia bipunctata,Note,2020
45.5702416667, -122.6463583333,Adalia bipunctata,Note,2020
41.4346156807, -111.9430160248,Adalia bipunctata,Note,2018
43.5603, -116.280069,Adalia bipunctata,Note,2019
43.6142140675, -116.3404817507,Adalia bipunctata,Note,2021
43.5356915289, -116.3006556407,Adalia bipunctata,Note,2021
39.8961821, -104.98114,Adalia bipunctata,Note,2012
37.6462466667, -122.14885,Adalia bipunctata,Note,2018
32.8059966651, -117.208940126,Adalia bipunctata,Note,2021
39.7615758, -104.87625,Adalia bipunctata,Note,2008
39.7615758, -104.87625,Adalia bipunctata,Note,2009
39.755267, -104.89358,Adalia bipunctata,Note,2010
39.755292, -104.89342,Adalia bipunctata,Note,2010
39.730087, -104.85513,Adalia bipunctata,Note,2012
39.728601731, -104.8907641451,Adalia bipunctata,Note,2018
39.7391536, -104.9847,Adalia bipunctata,Note,2009
39.7391536, -104.9847,Adalia bipunctata,Note,2010
39.737567, -104.98471,Adalia bipunctata,Note,2012
39.7400093, -104.9923,Adalia bipunctata,Note,2014
39.732218, -104.963182,Adalia bipunctata,Note,2016
39.73221969604492, -104.9631805419922,Adalia bipunctata,Note,2016
39.7318116667, -104.96135,Adalia bipunctata,Note,2021
51.146480009, -114.1654600203,Adalia bipunctata,Note,2020
51.1482768997, -114.1508470997,Adalia bipunctata,Note,2021
51.1486111111, -114.1511111111,Adalia bipunctata,Note,2021
52.0294665498, -106.7050860142,Adalia bipunctata,Note,2019
39.7294319, -104.83191,Adalia bipunctata,Note,2012
48.6482183, -118.7378,Adalia bipunctata,Note,2007
48.6482183, -118.7378,Adalia bipunctata,Note,2008
48.6490562, -118.73943,Adalia bipunctata,Note,2010
45.5216293335, -122.3986968994,Adalia bipunctata,Note,2019
48.429256, -123.711152,Adalia bipunctata,Note,2020
49.517983, -115.7615,Adalia bipunctata,Note,2009
45.3510552516, -75.8616900444,Adalia bipunctata,Note,2016
51.14133263, -114.22039593,Adalia bipunctata,Note,2020
51.1283591432, -114.2433227247,Adalia bipunctata,Note,2021
51.12766171, -114.25625831,Adalia bipunctata,Note,2021
39.8366528, -105.0372,Adalia bipunctata,Note,2009
47.6960906982, -122.3739852905,Adalia bipunctata,Note,2017
47.6987457275, -122.3710708618,Adalia bipunctata,Note,2017
47.6961708056, -122.3732070833,Adalia bipunctata,Note,2018
47.6986274722, -122.3708648611,Adalia bipunctata,Note,2018
47.698748, -122.3711351389,Adalia bipunctata,Note,2019
47.6987670556, -122.3710765556,Adalia bipunctata,Note,2019
47.6987342834, -122.3711166382,Adalia bipunctata,Note,2019
47.6907503889, -122.3735010833,Adalia bipunctata,Note,2020
47.69615, -122.3727173889,Adalia bipunctata,Note,2020
47.7123014444, -122.3795836389,Adalia bipunctata,Note,2020
47.6989037294, -122.3705278337,Adalia bipunctata,Note,2020
47.6962026944, -122.3731174722,Adalia bipunctata,Note,2021
47.6961858056, -122.3731686111,Adalia bipunctata,Note,2021
42.6584254, -71.137001,Adalia bipunctata,Note,2010
37.716662, -122.096151,Adalia bipunctata,Note,2011
40.5917333333, -112.01594445,Adalia bipunctata,Note,2021
38.9330494, -104.60858,Adalia bipunctata,Note,2009
38.9513766021, -104.7753903364,Adalia bipunctata,Note,2017
39.804535, -105.08777,Adalia bipunctata,Note,2012
40.5454503, -111.96448,Adalia bipunctata,Note,2012
40.5712661743, -111.9723434448,Adalia bipunctata,Note,2018
40.5714631471, -111.9722164701,Adalia bipunctata,Note,2018
40.5193285853, -111.9335057817,Adalia bipunctata,Note,2021
40.54861333, -111.99086167,Adalia bipunctata,Note,2020
40.7042507873, -111.7985654625,Adalia bipunctata,Note,2018
40.6749583333, -111.845475,Adalia bipunctata,Note,2019
40.6964840556, -111.8255679309,Adalia bipunctata,Note,2019
40.6210446312, -111.7907463201,Adalia bipunctata,Note,2020
40.667761, -111.8524253,Adalia bipunctata,Note,2020
40.6660485719, -111.8305089549,Adalia bipunctata,Note,2019
40.7247883333, -111.82408,Adalia bipunctata,Note,2018
42.319058, -71.111944,Adalia bipunctata,Note,2013
42.3193, -71.1119,Adalia bipunctata,Note,2014
42.418155, -71.0495083333,Adalia bipunctata,Note,2021
39.7584495, -105.08049,Adalia bipunctata,Note,2014
39.7584495, -105.08049,Adalia bipunctata,Note,2015
39.7113685608, -105.0824432373,Adalia bipunctata,Note,2019
39.7714, -105.1008,Adalia bipunctata,Note,2014
39.7109184, -105.08206,Adalia bipunctata,Note,2014
39.755543, -105.22109,Adalia bipunctata,Note,2009
37.338581, -121.88556,Adalia bipunctata,Note,2014
47.196550538, -122.2519808452,Adalia bipunctata,Note,2021
40.6260986, -111.85555,Adalia bipunctata,Note,2014
40.599117, -111.8475806,Adalia bipunctata,Note,2019
40.6098854622, -111.8519127006,Adalia bipunctata,Note,2019
40.5771365023, -111.8336105347,Adalia bipunctata,Note,2019
53.4205613905, -113.4685789153,Adalia bipunctata,Note,2020
53.4309809018, -113.4284494791,Adalia bipunctata,Note,2021
34.187845, -118.1391055,Adalia bipunctata,Note,2018
34.0522342, -118.24368,Adalia bipunctata,Note,2011
34.0534896, -118.24532,Adalia bipunctata,Note,2012
38.8334312, -104.8218,Adalia bipunctata,Note,2015
38.8334312, -104.8218,Adalia bipunctata,Note,2016
38.8417663, -104.84572,Adalia bipunctata,Note,2014
40.3083174, -105.08109,Adalia bipunctata,Note,2010
40.3062095, -105.07916,Adalia bipunctata,Note,2014
34.017682, -118.288435,Adalia bipunctata,Note,2012
34.017691, -118.288392,Adalia bipunctata,Note,2012
34.017726, -118.288521,Adalia bipunctata,Note,2012
34.017753, -118.288521,Adalia bipunctata,Note,2012
34.017708, -118.288467,Adalia bipunctata,Note,2012
34.017753, -118.288456,Adalia bipunctata,Note,2012
34.017797, -118.288456,Adalia bipunctata,Note,2012
34.017815, -118.288489,Adalia bipunctata,Note,2012
34.017771, -118.288467,Adalia bipunctata,Note,2012
34.017753, -118.288478,Adalia bipunctata,Note,2012
34.0168333333, -118.2878333333,Adalia bipunctata,Note,2014
40.2225446651, -105.0841668248,Adalia bipunctata,Note,2019
40.190991, -105.120228,Adalia bipunctata,Note,2013
40.186856, -105.14964,Adalia bipunctata,Note,2015
40.1672068, -105.10192,Adalia bipunctata,Note,2010
40.202, -105.116,Adalia bipunctata,Note,2011
42.3750969, -71.105607,Adalia bipunctata,Note,2009
42.3726399, -71.109652,Adalia bipunctata,Note,2009
42.3856536129, -71.1088900187,Adalia bipunctata,Note,2020
42.3786278861, -71.0986348428,Adalia bipunctata,Note,2020
42.3661945062, -71.1144245882,Adalia bipunctata,Note,2020
42.3865805556, -71.1081388889,Adalia bipunctata,Note,2021
42.3864927444, -71.1083627846,Adalia bipunctata,Note,2021
42.3833068652, -71.0980094528,Adalia bipunctata,Note,2021
42.3984633333, -71.0863278333,Adalia bipunctata,Note,2021
42.4341592194, -71.0661033043,Adalia bipunctata,Note,2021
40.76219177246094, -111.82111358642578,Adalia bipunctata,Note,2015
40.762193, -111.821116,Adalia bipunctata,Note,2015
40.7643604153, -111.8227588016,Adalia bipunctata,Note,2018
40.7658510148, -111.8248651424,Adalia bipunctata,Note,2019
40.766476, -111.8272225,Adalia bipunctata,Note,2019
49.261226, -123.11392,Adalia bipunctata,Note,2011
49.2698707581, -123.1019439697,Adalia bipunctata,Note,2019
52.1943941938, -106.4332966858,Adalia bipunctata,Note,2021
49.2941883333, -123.1390733333,Adalia bipunctata,Note,2020
49.263588, -123.13856,Adalia bipunctata,Note,2009
49.2677898234, -123.12584905,Adalia bipunctata,Note,2018
49.2769353452, -123.1209063834,Adalia bipunctata,Note,2020
49.2678359065, -123.1258643179,Adalia bipunctata,Note,2020
49.3272059, -123.1451003,Adalia bipunctata,Note,2020
49.197983, -123.1129619722,Adalia bipunctata,Note,2020
49.1979779722, -123.1015589722,Adalia bipunctata,Note,2021
46.730958, -120.69951,Adalia bipunctata,Note,2009
44.0805434, -103.23101,Adalia bipunctata,Note,2009
46.3140884, -114.11287,Adalia bipunctata,Note,2009
42.8864468, -78.878368,Adalia bipunctata,Note,2009
42.7762015, -71.077279,Adalia bipunctata,Note,2009
53.3, -113.31,Adalia bipunctata,Note,2009
