latitude,longitude,scientificname,occurrenceRemarks,Year
41.71599960327149, -103.01055145263672,Coccinella novemnotata,Note,2007
42.5047721862793, -102.40896606445312,Coccinella novemnotata,Note,2007
43.845921, -112.43499,Coccinella novemnotata,Note,2008
42.5047721862793, -102.40896606445312,Coccinella novemnotata,Note,2008
35.406314, -110.256683,Coccinella novemnotata,Note,2009
38.9797141, -105.35749,Coccinella novemnotata,Note,2009
44.37662, -91.753095,Coccinella novemnotata,Note,2009
44.3780203, -91.750711,Coccinella novemnotata,Note,2009
42.8804516, -115.7973,Coccinella novemnotata,Note,2009
38.55473, -104.343,Coccinella novemnotata,Note,2009
33.7906068, -109.98871,Coccinella novemnotata,Note,2009
38.8338816, -104.82136,Coccinella novemnotata,Note,2009
38.5259, -104.425,Coccinella novemnotata,Note,2010
41.54597473144531, -103.71047973632812,Coccinella novemnotata,Note,2010
38.8214204, -104.86151,Coccinella novemnotata,Note,2010
44.4431025, -91.683331,Coccinella novemnotata,Note,2010
44.37662, -91.753095,Coccinella novemnotata,Note,2010
38.7334177, -105.28192,Coccinella novemnotata,Note,2011
38.8338816, -104.82136,Coccinella novemnotata,Note,2011
38.833881, -104.82136,Coccinella novemnotata,Note,2011
38.8334312, -104.8218,Coccinella novemnotata,Note,2011
43.7773, -102.4552,Coccinella novemnotata,Note,2011
43.77730178833008, -102.4552001953125,Coccinella novemnotata,Note,2011
43.6365693, -113.30028,Coccinella novemnotata,Note,2012
40.0891304, -109.67736,Coccinella novemnotata,Note,2012
44.0956545, -115.61871,Coccinella novemnotata,Note,2012
38.4, -104.4,Coccinella novemnotata,Note,2012
38.8334312, -104.8218,Coccinella novemnotata,Note,2012
42.726836, -103.155107,Coccinella novemnotata,Note,2012
46.5958056, -112.02703,Coccinella novemnotata,Note,2012
46.5897598, -112.0212,Coccinella novemnotata,Note,2012
42.719722747802734, -103.13543701171876,Coccinella novemnotata,Note,2012
41.71599960327149, -103.01055145263672,Coccinella novemnotata,Note,2012
46.1270925, -112.94916,Coccinella novemnotata,Note,2012
46.5897598, -112.0212,Coccinella novemnotata,Note,2013
46.9551696, -112.67513,Coccinella novemnotata,Note,2013
46.1304206, -112.95333,Coccinella novemnotata,Note,2013
38.5625, -104.441,Coccinella novemnotata,Note,2013
42.454071, -121.50408,Coccinella novemnotata,Note,2013
38.5365, -104.417,Coccinella novemnotata,Note,2013
49.4173011, -112.856,Coccinella novemnotata,Note,2014
43.2331, -114.3089,Coccinella novemnotata,Note,2014
46.5897598, -112.0212,Coccinella novemnotata,Note,2014
38.8334312, -104.8218,Coccinella novemnotata,Note,2014
42.719722747802734, -103.13543701171876,Coccinella novemnotata,Note,2014
38.54, -104.37,Coccinella novemnotata,Note,2014
38.533, -104.411,Coccinella novemnotata,Note,2014
38.8334312, -104.8218,Coccinella novemnotata,Note,2015
39.0263404, -104.48387,Coccinella novemnotata,Note,2015
43.098213, -108.681116,Coccinella novemnotata,Note,2015
39.2882683333, -102.986265,Coccinella novemnotata,Note,2016
38.8334312, -104.8218,Coccinella novemnotata,Note,2016
35.0207983333, -118.717375,Coccinella novemnotata,Note,2017
34.9824715254, -118.7216091156,Coccinella novemnotata,Note,2017
38.7716129, -104.6492651,Coccinella novemnotata,Note,2017
40.3716834131, -105.61473459,Coccinella novemnotata,Note,2017
38.86059, -104.651402,Coccinella novemnotata,Note,2017
41.5872753505, -112.5837769547,Coccinella novemnotata,Note,2018
35.0364621125, -118.7689876556,Coccinella novemnotata,Note,2018
37.6822162727, -118.7864155764,Coccinella novemnotata,Note,2018
35.038105, -118.767535,Coccinella novemnotata,Note,2018
40.560035, -108.135333,Coccinella novemnotata,Note,2018
39.6425033333, -105.5927416667,Coccinella novemnotata,Note,2018
38.8334808, -104.8218,Coccinella novemnotata,Note,2018
42.726836, -103.155107,Coccinella novemnotata,Note,2019
44.9275266694, -116.0893674668,Coccinella novemnotata,Note,2019
50.8423533333, -121.2246716667,Coccinella novemnotata,Note,2020
47.36785833, -117.82540833,Coccinella novemnotata,Note,2020
46.6318888889, -119.3959527778,Coccinella novemnotata,Note,2020
35.34030833, -119.34635333,Coccinella novemnotata,Note,2020
46.813873, -112.153933,Coccinella novemnotata,Note,2020
40.9731019722, -105.0085839722,Coccinella novemnotata,Note,2020
38.8618429355, -104.6475712983,Coccinella novemnotata,Note,2020
35.8667471074, -119.3919923696,Coccinella novemnotata,Note,2021
36.2513695997, -120.3154075,Coccinella novemnotata,Note,2021
43.27489862, -116.39785735,Coccinella novemnotata,Note,2021
38.8251583333, -105.9947133333,Coccinella novemnotata,Note,2021
43.44228575, -119.0004659722,Coccinella novemnotata,Note,2021
43.0993155, -118.2305923333,Coccinella novemnotata,Note,2021
46.813873, -112.153933,Coccinella novemnotata,Note,2021
41.0733990329, -106.1335867716,Coccinella novemnotata,Note,2017
42.8578244953, -103.5850746165,Coccinella novemnotata,Note,2019
42.7415443567, -103.9114057875,Coccinella novemnotata,Note,2019
42.8162439081, -103.0025339112,Coccinella novemnotata,Note,2019
43.2331218935, -103.6221438161,Coccinella novemnotata,Note,2017
40.5130085988, -108.1068211412,Coccinella novemnotata,Note,2018
38.7976333333, -104.8601083333,Coccinella novemnotata,Note,2021
38.8683988, -104.75822,Coccinella novemnotata,Note,2009
38.865444, -104.748828,Coccinella novemnotata,Note,2011
38.682219, -104.7008,Coccinella novemnotata,Note,2011
38.7513999, -104.74391,Coccinella novemnotata,Note,2013
38.833414, -104.735855,Coccinella novemnotata,Note,2017
39.7400093, -104.99201,Coccinella novemnotata,Note,2017
38.9330494, -104.60858,Coccinella novemnotata,Note,2009
38.9341583, -104.60948,Coccinella novemnotata,Note,2011
38.9330494, -104.60858,Coccinella novemnotata,Note,2012
38.9341583, -104.60948,Coccinella novemnotata,Note,2012
38.9341583, -104.60948,Coccinella novemnotata,Note,2013
38.9341583, -104.60948,Coccinella novemnotata,Note,2014
42.1887721, -120.34579,Coccinella novemnotata,Note,2009
42.1887721, -120.34579,Coccinella novemnotata,Note,2011
42.0854723, -113.5634,Coccinella novemnotata,Note,2012
42.1887721, -120.34579,Coccinella novemnotata,Note,2012
36.088294, -120.11237,Coccinella novemnotata,Note,2016
39.325815, -102.547752,Coccinella novemnotata,Note,2016
42.1890716, -120.34597,Coccinella novemnotata,Note,2018
40.24767, -120.8050383333,Coccinella novemnotata,Note,2019
42.9495566667, -120.7616916667,Coccinella novemnotata,Note,2020
38.694970577, -119.5205825816,Coccinella novemnotata,Note,2021
42.4625479421, -103.08109296,Coccinella novemnotata,Note,2012
50.8127966667, -121.3068783333,Coccinella novemnotata,Note,2021
51.842407, -122.54098,Coccinella novemnotata,Note,2011
51.787754, -122.448418,Coccinella novemnotata,Note,2020
51.7875834669, -122.4499418289,Coccinella novemnotata,Note,2020
40.058094, -105.195154,Coccinella novemnotata,Note,2012
40.058094, -105.195154,Coccinella novemnotata,Note,2017
34.930641, -118.56237,Coccinella novemnotata,Note,2015
34.930641, -118.562376,Coccinella novemnotata,Note,2015
35.0654680815, -109.7791146808,Coccinella novemnotata,Note,2016
34.9483481713, -118.5575866699,Coccinella novemnotata,Note,2015
34.9489109913, -118.5558700562,Coccinella novemnotata,Note,2015
36.7104444087, -120.818373325,Coccinella novemnotata,Note,2020
38.929826, -104.57608,Coccinella novemnotata,Note,2012
39.5792999, -121.096,Coccinella novemnotata,Note,2015
50.81913, -121.3269883333,Coccinella novemnotata,Note,2021
50.737525, -121.2934166667,Coccinella novemnotata,Note,2021
50.737525, -121.2933983333,Coccinella novemnotata,Note,2021
50.7374521418, -121.2936043893,Coccinella novemnotata,Note,2021
50.7440716893, -121.2906575918,Coccinella novemnotata,Note,2021
50.7429471006, -121.2915048337,Coccinella novemnotata,Note,2021
50.7429227237, -121.291460768,Coccinella novemnotata,Note,2021
50.741718, -121.287735,Coccinella novemnotata,Note,2021
40.236597, -111.73671,Coccinella novemnotata,Note,2017
36.8097410926, -119.8928972337,Coccinella novemnotata,Note,2020
36.8098799354, -119.8935466474,Coccinella novemnotata,Note,2020
36.8102322883, -119.8930352866,Coccinella novemnotata,Note,2020
36.8099246307, -119.8936131023,Coccinella novemnotata,Note,2020
45.1480111667, -121.747825,Coccinella novemnotata,Note,2021
40.1715544637, -105.2152490616,Coccinella novemnotata,Note,2017
40.171587256, -105.2152061462,Coccinella novemnotata,Note,2017
40.1716200483, -105.2151203156,Coccinella novemnotata,Note,2017
40.1721246602, -105.2151646655,Coccinella novemnotata,Note,2017
38.912363, -105.156719,Coccinella novemnotata,Note,2017
38.9290999, -104.57858,Coccinella novemnotata,Note,2010
39.9344366667, -104.7526333333,Coccinella novemnotata,Note,2019
50.7357733333, -121.28897,Coccinella novemnotata,Note,2020
50.736221, -121.286163,Coccinella novemnotata,Note,2021
50.752296, -120.873077,Coccinella novemnotata,Note,2021
39.7391536, -104.9847,Coccinella novemnotata,Note,2011
37.2861114, -108.03951,Coccinella novemnotata,Note,2012
39.919575, -105.2485583333,Coccinella novemnotata,Note,2019
39.9300116667, -105.2872616667,Coccinella novemnotata,Note,2019
35.0768214429, -119.6652482917,Coccinella novemnotata,Note,2020
39.9222106565, -105.2385450275,Coccinella novemnotata,Note,2017
43.611, -116.39222,Coccinella novemnotata,Note,2013
43.611, -116.39222,Coccinella novemnotata,Note,2014
39.9637366667, -105.2701416667,Coccinella novemnotata,Note,2018
34.4689598, -118.19386,Coccinella novemnotata,Note,2015
34.4986716667, -118.1748366667,Coccinella novemnotata,Note,2015
39.271966, -120.125224,Coccinella novemnotata,Note,2015
39.98568, -105.21936,Coccinella novemnotata,Note,2011
39.9840166667, -105.2428966667,Coccinella novemnotata,Note,2018
39.9842349041, -105.2352261543,Coccinella novemnotata,Note,2018
40.0149856, -105.27054,Coccinella novemnotata,Note,2009
39.9985883333, -105.2828366667,Coccinella novemnotata,Note,2018
40.0169195, -105.29583,Coccinella novemnotata,Note,2018
35.0607733333, -119.35073,Coccinella novemnotata,Note,2019
38.8472303854, -104.5952276127,Coccinella novemnotata,Note,2019
38.8472303854, -104.5952276127,Coccinella novemnotata,Note,2021
51.055149, -114.06243,Coccinella novemnotata,Note,2009
40.37642, -111.70902,Coccinella novemnotata,Note,2018
40.441546136, -104.8125519231,Coccinella novemnotata,Note,2019
38.6212543384, -104.886448072,Coccinella novemnotata,Note,2017
40.921805, -111.8645033333,Coccinella novemnotata,Note,2021
40.3062095, -105.07916,Coccinella novemnotata,Note,2014
34.438175, -118.6184833333,Coccinella novemnotata,Note,2017
34.4369716667, -118.6222533333,Coccinella novemnotata,Note,2017
34.4379616667, -118.617455,Coccinella novemnotata,Note,2017
34.6165416667, -118.7440816667,Coccinella novemnotata,Note,2017
34.277048, -119.045326,Coccinella novemnotata,Note,2015
34.277048, -119.045326,Coccinella novemnotata,Note,2017
39.5498509722, -119.828496,Coccinella novemnotata,Note,2020
38.894739, -104.69724,Coccinella novemnotata,Note,2012
38.9226809003, -104.8564124107,Coccinella novemnotata,Note,2017
34.2291234993, -119.0035629274,Coccinella novemnotata,Note,2017
41.25218667, -105.40656333,Coccinella novemnotata,Note,2020
34.730905, -118.4012616667,Coccinella novemnotata,Note,2017
38.850061, -104.875703,Coccinella novemnotata,Note,2019
38.849292121, -104.8802090138,Coccinella novemnotata,Note,2019
39.7840611111, -104.89685,Coccinella novemnotata,Note,2019
50.792, -120.436,Coccinella novemnotata,Note,2013
50.7726666667, -120.4293766667,Coccinella novemnotata,Note,2021
50.773483, -120.433784,Coccinella novemnotata,Note,2021
34.3915166667, -118.8926466667,Coccinella novemnotata,Note,2019
37.1299830397, -121.6346371098,Coccinella novemnotata,Note,2016
50.7343366667, -120.4082066667,Coccinella novemnotata,Note,2021
50.7343566667, -120.4082133333,Coccinella novemnotata,Note,2021
50.73432, -120.408205,Coccinella novemnotata,Note,2021
50.7343111111, -120.4082555556,Coccinella novemnotata,Note,2021
50.663, -120.504,Coccinella novemnotata,Note,2013
50.643, -120.517,Coccinella novemnotata,Note,2013
50.63999938964844, -120.5199966430664,Coccinella novemnotata,Note,2013
50.64, -120.52,Coccinella novemnotata,Note,2013
50.66, -120.5,Coccinella novemnotata,Note,2013
50.64, -120.51,Coccinella novemnotata,Note,2013
50.63999938964844, -120.51000213623048,Coccinella novemnotata,Note,2013
50.65999984741211, -120.5,Coccinella novemnotata,Note,2013
38.8417663, -104.84572,Coccinella novemnotata,Note,2014
40.31112, -105.222205,Coccinella novemnotata,Note,2021
38.8802301, -104.77251,Coccinella novemnotata,Note,2012
38.9268302, -105.00511,Coccinella novemnotata,Note,2013
42.48771286010742, -103.75888061523438,Coccinella novemnotata,Note,2007
42.48771286010742, -103.75888061523438,Coccinella novemnotata,Note,2009
42.48771286010742, -103.75888061523438,Coccinella novemnotata,Note,2011
42.48771286010742, -103.75888061523438,Coccinella novemnotata,Note,2012
42.48771286010742, -103.75888061523438,Coccinella novemnotata,Note,2014
39.484805, -105.1073,Coccinella novemnotata,Note,2019
39.550947, -105.099243,Coccinella novemnotata,Note,2014
50.6704415822, -120.1524965574,Coccinella novemnotata,Note,2021
37.1259117, -121.66178,Coccinella novemnotata,Note,2016
34.0966764, -117.71977,Coccinella novemnotata,Note,2009
42.432082, -103.79284,Coccinella novemnotata,Note,2019
40.660022, -105.159543,Coccinella novemnotata,Note,2019
33.42962, -117.530222,Coccinella novemnotata,Note,2016
33.42961883544922, -117.53022003173828,Coccinella novemnotata,Note,2016
33.2766945346, -117.3130906373,Coccinella novemnotata,Note,2018
33.2764478693, -117.3146409541,Coccinella novemnotata,Note,2018
33.2760543246, -117.3200690746,Coccinella novemnotata,Note,2018
33.2773011041, -117.3172473907,Coccinella novemnotata,Note,2018
40.2510931094, -111.8771749735,Coccinella novemnotata,Note,2017
46.3432543383, -119.4754530117,Coccinella novemnotata,Note,2019
39.5488366667, -105.0241695,Coccinella novemnotata,Note,2021
40.3625433331, -120.621449169,Coccinella novemnotata,Note,2020
42.5338019, -114.36475,Coccinella novemnotata,Note,2012
48.5234184, -122.91394,Coccinella novemnotata,Note,2015
43.8955436, -103.41824,Coccinella novemnotata,Note,2009
34.408418, -119.84704,Coccinella novemnotata,Note,2017
34.408416748046875, -119.84703826904295,Coccinella novemnotata,Note,2017
42.43919, -114.3085,Coccinella novemnotata,Note,2012
34.438878399, -119.8434639459,Coccinella novemnotata,Note,2021
34.44174, -119.848696,Coccinella novemnotata,Note,2017
34.44173812866211, -119.84869384765624,Coccinella novemnotata,Note,2017
33.468427, -117.47648,Coccinella novemnotata,Note,2016
33.46842575073242, -117.47647857666016,Coccinella novemnotata,Note,2016
40.249695, -105.2172166667,Coccinella novemnotata,Note,2021
40.2473609069, -105.2203674764,Coccinella novemnotata,Note,2021
41.7354861, -111.83438,Coccinella novemnotata,Note,2009
34.420616, -119.796752,Coccinella novemnotata,Note,2016
34.420616149902344, -119.7967529296875,Coccinella novemnotata,Note,2016
42.5296532, -114.30112,Coccinella novemnotata,Note,2012
44.0665888333, -122.9345383333,Coccinella novemnotata,Note,2021
38.5724906, -121.75387,Coccinella novemnotata,Note,2015
34.3972378236, -119.5275163651,Coccinella novemnotata,Note,2017
34.3843877068, -119.4976902008,Coccinella novemnotata,Note,2017
34.6492500305, -119.3852920532,Coccinella novemnotata,Note,2019
34.64913, -119.3852533333,Coccinella novemnotata,Note,2019
33.817129, -118.085931,Coccinella novemnotata,Note,2015
33.8237916231, -118.091260231,Coccinella novemnotata,Note,2015
34.2635841, -118.663427,Coccinella novemnotata,Note,2015
34.26305, -118.662777,Coccinella novemnotata,Note,2015
34.2621192, -118.66296,Coccinella novemnotata,Note,2015
34.262557, -118.66286,Coccinella novemnotata,Note,2015
44.2424113462, -90.8717406452,Coccinella novemnotata,Note,2020
49.5626869959, -119.6520845219,Coccinella novemnotata,Note,2020
49.793972, -115.737274,Coccinella novemnotata,Note,2020
50.12918, -125.3633933333,Coccinella novemnotata,Note,2020
35.340311632, -119.3388598243,Coccinella novemnotata,Note,2020
43.5671515859, -116.6701119938,Coccinella novemnotata,Note,2020
