latitude,longitude,scientificname,occurrenceRemarks,Year
49.06999969482422, -106.52999877929688,Hippodamia parenthesis,Note,2008
49.07, -106.53,Hippodamia parenthesis,Note,2008
49.071, -106.531,Hippodamia parenthesis,Note,2008
34.8131, -119.0989,Hippodamia parenthesis,Note,2008
39.338, -101.697,Hippodamia parenthesis,Note,2009
33.526, -105.439,Hippodamia parenthesis,Note,2009
43.6365693, -113.30028,Hippodamia parenthesis,Note,2012
38.53, -104.82136,Hippodamia parenthesis,Note,2012
46.1270925, -112.94916,Hippodamia parenthesis,Note,2012
47.81885, -92.24419,Hippodamia parenthesis,Note,2013
34.2313194, -111.32466,Hippodamia parenthesis,Note,2013
49.001, -106.557,Hippodamia parenthesis,Note,2014
49.0, -106.55,Hippodamia parenthesis,Note,2014
49.0, -106.5500030517578,Hippodamia parenthesis,Note,2014
41.03164, -91.963376,Hippodamia parenthesis,Note,2014
49.0, -106.56,Hippodamia parenthesis,Note,2014
49.0, -106.55999755859376,Hippodamia parenthesis,Note,2014
46.1304206, -112.95333,Hippodamia parenthesis,Note,2015
50.98, -107.14,Hippodamia parenthesis,Note,2015
37.3474617, -108.29113,Hippodamia parenthesis,Note,2015
40.7156427869, -93.7643243153,Hippodamia parenthesis,Note,2015
50.98, -107.13,Hippodamia parenthesis,Note,2015
50.98, -107.135,Hippodamia parenthesis,Note,2015
50.97999954223633, -107.12999725341795,Hippodamia parenthesis,Note,2015
50.97999954223633, -107.13999938964844,Hippodamia parenthesis,Note,2015
41.3107986, -105.59031,Hippodamia parenthesis,Note,2016
47.08933, -104.70608,Hippodamia parenthesis,Note,2016
44.4775858853, -77.313245236,Hippodamia parenthesis,Note,2016
41.505363, -121.112874,Hippodamia parenthesis,Note,2016
44.660844, -83.405247,Hippodamia parenthesis,Note,2017
50.6730072475, -120.3680133793,Hippodamia parenthesis,Note,2017
40.1717967345, -105.2152076499,Hippodamia parenthesis,Note,2017
40.1716856328, -105.2152490616,Hippodamia parenthesis,Note,2017
42.629202, -97.854462,Hippodamia parenthesis,Note,2017
43.85315, -101.203895,Hippodamia parenthesis,Note,2017
43.1275237915, -96.2069133247,Hippodamia parenthesis,Note,2018
32.668858, -109.87756,Hippodamia parenthesis,Note,2018
44.5840707039, -104.7095077816,Hippodamia parenthesis,Note,2018
45.2100868056, -70.7909249167,Hippodamia parenthesis,Note,2018
47.81845, -92.24051,Hippodamia parenthesis,Note,2018
47.60961824, -103.376604019,Hippodamia parenthesis,Note,2018
42.708118, -103.009002,Hippodamia parenthesis,Note,2018
37.76627, -118.7039716667,Hippodamia parenthesis,Note,2018
44.2241280917, -96.3086488607,Hippodamia parenthesis,Note,2019
47.369145, -92.404547,Hippodamia parenthesis,Note,2019
47.6642916667, -119.5977766667,Hippodamia parenthesis,Note,2019
47.0563053341, -79.7787161365,Hippodamia parenthesis,Note,2020
37.1910166667, -118.6666555556,Hippodamia parenthesis,Note,2020
43.6233564236, -72.5084660947,Hippodamia parenthesis,Note,2020
43.62353667, -72.50782,Hippodamia parenthesis,Note,2020
44.47816, -77.31357,Hippodamia parenthesis,Note,2020
51.2173694444, -123.1841833333,Hippodamia parenthesis,Note,2020
49.1520361111, -120.7662722222,Hippodamia parenthesis,Note,2020
51.2075277778, -123.2888861111,Hippodamia parenthesis,Note,2020
43.62166667, -72.50834667,Hippodamia parenthesis,Note,2020
52.20152, -107.2843183333,Hippodamia parenthesis,Note,2020
49.06183617, -120.82567,Hippodamia parenthesis,Note,2020
36.26871167, -106.92585,Hippodamia parenthesis,Note,2020
42.629202, -97.854462,Hippodamia parenthesis,Note,2020
47.12928333, -99.25516333,Hippodamia parenthesis,Note,2020
44.3641888889, -72.288175,Hippodamia parenthesis,Note,2021
44.3128282067, -72.4205587933,Hippodamia parenthesis,Note,2021
43.6415845, -72.39862098,Hippodamia parenthesis,Note,2021
44.3129216667, -72.4207216667,Hippodamia parenthesis,Note,2021
43.6325333333, -72.5090716667,Hippodamia parenthesis,Note,2021
43.6352666667, -72.5062783333,Hippodamia parenthesis,Note,2021
43.6358033333, -72.50553,Hippodamia parenthesis,Note,2021
43.6357833333, -72.5055166667,Hippodamia parenthesis,Note,2021
43.635825, -72.5055083333,Hippodamia parenthesis,Note,2021
43.6358033333, -72.5055166667,Hippodamia parenthesis,Note,2021
43.7106696502, -72.3056853754,Hippodamia parenthesis,Note,2021
43.7103877136, -72.3055797293,Hippodamia parenthesis,Note,2021
38.8732135997, -106.9804895,Hippodamia parenthesis,Note,2021
48.4984664917, -120.761756897,Hippodamia parenthesis,Note,2021
40.8230379722, -93.720465,Hippodamia parenthesis,Note,2021
40.42313, -81.2441716667,Hippodamia parenthesis,Note,2021
50.8022313864, -115.3679546714,Hippodamia parenthesis,Note,2021
53.6015116, -106.516698,Hippodamia parenthesis,Note,2021
36.1962945066, -105.2243145982,Hippodamia parenthesis,Note,2021
35.2400472222, -107.660775,Hippodamia parenthesis,Note,2021
40.7217869233, -99.3697406352,Hippodamia parenthesis,Note,2021
37.9521666667, -118.4511866667,Hippodamia parenthesis,Note,2021
40.1828512869, -116.8960129225,Hippodamia parenthesis,Note,2021
49.7443738825, -118.936390878,Hippodamia parenthesis,Note,2021
43.7110277778, -72.3061666667,Hippodamia parenthesis,Note,2021
43.7110055556, -72.3061611111,Hippodamia parenthesis,Note,2021
43.7110138889, -72.3061611111,Hippodamia parenthesis,Note,2021
43.7110333333, -72.3061972222,Hippodamia parenthesis,Note,2021
43.7110138889, -72.3061916667,Hippodamia parenthesis,Note,2021
43.7110111111, -72.3061972222,Hippodamia parenthesis,Note,2021
43.711025, -72.3061666667,Hippodamia parenthesis,Note,2021
43.7110111111, -72.3061916667,Hippodamia parenthesis,Note,2021
43.7109805556, -72.3061611111,Hippodamia parenthesis,Note,2021
43.7109861111, -72.3061833333,Hippodamia parenthesis,Note,2021
43.7110055556, -72.3061527778,Hippodamia parenthesis,Note,2021
43.7110027778, -72.3061361111,Hippodamia parenthesis,Note,2021
43.7109972222, -72.3061305556,Hippodamia parenthesis,Note,2021
43.7110111111, -72.3061611111,Hippodamia parenthesis,Note,2021
43.7105666667, -72.3055111111,Hippodamia parenthesis,Note,2021
43.7105972222, -72.3055111111,Hippodamia parenthesis,Note,2021
43.7106138889, -72.3054888889,Hippodamia parenthesis,Note,2021
43.710625, -72.3054722222,Hippodamia parenthesis,Note,2021
43.7106083333, -72.3054666667,Hippodamia parenthesis,Note,2021
43.710575, -72.30535,Hippodamia parenthesis,Note,2021
43.7105722222, -72.30535,Hippodamia parenthesis,Note,2021
43.7105638889, -72.3053583333,Hippodamia parenthesis,Note,2021
43.7105416667, -72.3053888889,Hippodamia parenthesis,Note,2021
43.7105305556, -72.3054055556,Hippodamia parenthesis,Note,2021
43.710525, -72.3054055556,Hippodamia parenthesis,Note,2021
43.7105833333, -72.3053972222,Hippodamia parenthesis,Note,2021
43.7105861111, -72.3053805556,Hippodamia parenthesis,Note,2021
43.7105944444, -72.3053805556,Hippodamia parenthesis,Note,2021
43.7105444444, -72.3053972222,Hippodamia parenthesis,Note,2021
43.7105555556, -72.3053972222,Hippodamia parenthesis,Note,2021
43.7106138889, -72.305375,Hippodamia parenthesis,Note,2021
42.6691423, -103.46469292,Hippodamia parenthesis,Note,2019
42.66519695, -103.46078624,Hippodamia parenthesis,Note,2019
44.9117433006, -110.3276420832,Hippodamia parenthesis,Note,2019
44.8642969039, -110.1691910439,Hippodamia parenthesis,Note,2021
44.2725386667, -72.5555510217,Hippodamia parenthesis,Note,2020
44.2857916667, -72.5759027778,Hippodamia parenthesis,Note,2020
44.2426972222, -72.5485361111,Hippodamia parenthesis,Note,2020
51.4191416667, -122.2783083333,Hippodamia parenthesis,Note,2020
44.2425194444, -72.5489527778,Hippodamia parenthesis,Note,2021
44.2999640494, -72.5627070987,Hippodamia parenthesis,Note,2021
42.5197, -71.3251866667,Hippodamia parenthesis,Note,2021
46.9103756286, -71.1826451018,Hippodamia parenthesis,Note,2021
43.5976518502, -72.3797125663,Hippodamia parenthesis,Note,2020
43.6089421944, -72.3941521389,Hippodamia parenthesis,Note,2020
43.6095094298, -72.394736036,Hippodamia parenthesis,Note,2020
43.6093059722, -72.3940251389,Hippodamia parenthesis,Note,2020
43.6092857178, -72.3939187738,Hippodamia parenthesis,Note,2020
46.9109031761, -71.2266362822,Hippodamia parenthesis,Note,2021
50.658, -120.528,Hippodamia parenthesis,Note,2013
50.672, -120.533,Hippodamia parenthesis,Note,2013
50.67, -120.53,Hippodamia parenthesis,Note,2013
50.66999816894531, -120.52999877929688,Hippodamia parenthesis,Note,2013
50.643, -120.517,Hippodamia parenthesis,Note,2013
50.663, -120.504,Hippodamia parenthesis,Note,2013
46.9181226648, -71.2139392774,Hippodamia parenthesis,Note,2021
50.64, -120.51,Hippodamia parenthesis,Note,2013
50.66, -120.5,Hippodamia parenthesis,Note,2013
50.63999938964844, -120.51000213623048,Hippodamia parenthesis,Note,2013
50.65999984741211, -120.5,Hippodamia parenthesis,Note,2013
47.3135176224, -92.6201386721,Hippodamia parenthesis,Note,2021
47.21882, -92.62096,Hippodamia parenthesis,Note,2015
47.2862, -92.62926,Hippodamia parenthesis,Note,2015
47.18333, -92.60223,Hippodamia parenthesis,Note,2015
47.2862067514, -92.6263531909,Hippodamia parenthesis,Note,2020
47.2865815618, -92.6259101724,Hippodamia parenthesis,Note,2020
47.1779233759, -92.5420712477,Hippodamia parenthesis,Note,2020
47.1482941491, -92.7688490279,Hippodamia parenthesis,Note,2021
44.5793388371, -75.0952804564,Hippodamia parenthesis,Note,2021
44.47721, -77.31408,Hippodamia parenthesis,Note,2019
44.47729, -77.31394,Hippodamia parenthesis,Note,2019
44.47725, -77.31404,Hippodamia parenthesis,Note,2020
44.47733, -77.31388,Hippodamia parenthesis,Note,2020
44.47732, -77.31387,Hippodamia parenthesis,Note,2021
44.1510983, -103.30796,Hippodamia parenthesis,Note,2009
44.613772, -71.33994,Hippodamia parenthesis,Note,2009
44.613772, -71.33994,Hippodamia parenthesis,Note,2011
36.837209, -108.000093,Hippodamia parenthesis,Note,2016
39.4746483816, -107.2234036123,Hippodamia parenthesis,Note,2016
51.1808350971, -97.6294898322,Hippodamia parenthesis,Note,2017
43.78692, -99.33918,Hippodamia parenthesis,Note,2017
40.516476758, -109.5965526626,Hippodamia parenthesis,Note,2019
46.9268746784, -71.1967891284,Hippodamia parenthesis,Note,2020
50.7944315228, -103.8990563623,Hippodamia parenthesis,Note,2020
46.9251833984, -71.1964288026,Hippodamia parenthesis,Note,2020
46.9261796933, -71.1970230989,Hippodamia parenthesis,Note,2020
46.9267953776, -71.1961498529,Hippodamia parenthesis,Note,2020
50.962520089, -106.4741925521,Hippodamia parenthesis,Note,2020
53.5365472222, -105.7734366667,Hippodamia parenthesis,Note,2020
40.4614972222, -94.783675,Hippodamia parenthesis,Note,2020
46.6073358922, -89.5802043738,Hippodamia parenthesis,Note,2020
43.4313663, -96.69727,Hippodamia parenthesis,Note,2009
37.1677207, -104.50817,Hippodamia parenthesis,Note,2013
42.8500785, -106.32778,Hippodamia parenthesis,Note,2014
40.612365, -120.720234,Hippodamia parenthesis,Note,2015
49.6314703465, -109.8747396469,Hippodamia parenthesis,Note,2017
40.5237806752, -107.5640822438,Hippodamia parenthesis,Note,2019
40.5239040897, -107.5643180098,Hippodamia parenthesis,Note,2019
48.1139944444, -96.1536666667,Hippodamia parenthesis,Note,2021
43.5453491, -96.731277,Hippodamia parenthesis,Note,2012
37.853807, -118.961375,Hippodamia parenthesis,Note,2015
37.853807, -118.961375,Hippodamia parenthesis,Note,2021
42.726836, -103.155107,Hippodamia parenthesis,Note,2012
49.77, -100.63,Hippodamia parenthesis,Note,2015
49.7599983215332, -100.62000274658205,Hippodamia parenthesis,Note,2015
49.76, -100.62,Hippodamia parenthesis,Note,2015
49.767, -100.628,Hippodamia parenthesis,Note,2015
49.77000045776367, -100.62999725341795,Hippodamia parenthesis,Note,2015
42.726836, -103.155107,Hippodamia parenthesis,Note,2019
42.726836, -103.155107,Hippodamia parenthesis,Note,2020
39.0198778333, -104.2711033333,Hippodamia parenthesis,Note,2021
51.3521527778, -105.2159111111,Hippodamia parenthesis,Note,2016
38.2844291388, -104.6099737502,Hippodamia parenthesis,Note,2008
38.5259, -104.425,Hippodamia parenthesis,Note,2010
38.5365, -104.417,Hippodamia parenthesis,Note,2013
38.2844889844, -104.6096992493,Hippodamia parenthesis,Note,2014
38.533, -104.411,Hippodamia parenthesis,Note,2014
38.2845844895, -104.6099780952,Hippodamia parenthesis,Note,2016
44.313531387, -78.3138942719,Hippodamia parenthesis,Note,2015
39.3585, -105.3845,Hippodamia parenthesis,Note,2010
47.680278, -92.878333,Hippodamia parenthesis,Note,2013
45.8407991426, -86.6721142922,Hippodamia parenthesis,Note,2021
50.1070149722, -123.2059349722,Hippodamia parenthesis,Note,2021
52.79999923706055, -118.0199966430664,Hippodamia parenthesis,Note,2010
52.810001373291016, -118.0199966430664,Hippodamia parenthesis,Note,2010
52.81, -118.02,Hippodamia parenthesis,Note,2010
52.808, -118.023,Hippodamia parenthesis,Note,2010
52.8, -118.02,Hippodamia parenthesis,Note,2010
40.1972427344, -105.2709767023,Hippodamia parenthesis,Note,2020
51.13170876, -114.25130603,Hippodamia parenthesis,Note,2020
53.3902778, -112.45777,Hippodamia parenthesis,Note,2011
51.1055548949, -114.1236425841,Hippodamia parenthesis,Note,2021
51.0452194, -114.06301,Hippodamia parenthesis,Note,2013
50.9911966667, -114.144815,Hippodamia parenthesis,Note,2021
44.82097628, -73.09338452,Hippodamia parenthesis,Note,2021
37.96, -119.123,Hippodamia parenthesis,Note,2011
38.0182445, -119.166,Hippodamia parenthesis,Note,2018
38.0184361111, -119.1659166667,Hippodamia parenthesis,Note,2018
37.9886388889, -119.1848138889,Hippodamia parenthesis,Note,2019
49.7404533333, -112.8670366667,Hippodamia parenthesis,Note,2018
42.5643559476, -71.1792484476,Hippodamia parenthesis,Note,2021
44.294912, -92.215112,Hippodamia parenthesis,Note,2013
39.1205711, -104.16786,Hippodamia parenthesis,Note,2016
39.67, -104.45,Hippodamia parenthesis,Note,2012
38.002792, -100.84914,Hippodamia parenthesis,Note,2013
42.4169966667, -103.7582466667,Hippodamia parenthesis,Note,2015
42.432082, -103.79284,Hippodamia parenthesis,Note,2019
41.30039006, -84.74354111,Hippodamia parenthesis,Note,2018
44.3809620129, -78.3303121125,Hippodamia parenthesis,Note,2021
45.2233708996, -93.2748620423,Hippodamia parenthesis,Note,2021
45.2233633428, -93.2749371442,Hippodamia parenthesis,Note,2021
45.2233633428, -93.2748942288,Hippodamia parenthesis,Note,2021
45.811895784, -108.4865508042,Hippodamia parenthesis,Note,2020
38.5625, -104.3437,Hippodamia parenthesis,Note,2014
44.09693975, -78.168068,Hippodamia parenthesis,Note,2021
43.7517111111, -72.3688194444,Hippodamia parenthesis,Note,2020
43.4807371233, -79.9531061235,Hippodamia parenthesis,Note,2021
44.253, -78.415,Hippodamia parenthesis,Note,2015
44.253, -78.415,Hippodamia parenthesis,Note,2016
42.6780723611, -72.11013175,Hippodamia parenthesis,Note,2020
51.0425305556, -114.0317722222,Hippodamia parenthesis,Note,2021
44.8659632635, -73.3023939282,Hippodamia parenthesis,Note,2021
50.97468278, -114.03089171,Hippodamia parenthesis,Note,2020
42.6699981861, -83.038062022,Hippodamia parenthesis,Note,2020
45.1390312997, -76.3840890997,Hippodamia parenthesis,Note,2021
38.9797141, -105.35749,Hippodamia parenthesis,Note,2009
46.1667216667, -113.0646666667,Hippodamia parenthesis,Note,2021
35.5944433917, -105.2254735865,Hippodamia parenthesis,Note,2017
43.7199633333, -72.3296883333,Hippodamia parenthesis,Note,2021
43.7187116667, -72.3281783333,Hippodamia parenthesis,Note,2021
43.7187383333, -72.3281866667,Hippodamia parenthesis,Note,2021
46.841830552, -71.2074664003,Hippodamia parenthesis,Note,2020
50.5659258692, -104.7204220009,Hippodamia parenthesis,Note,2018
44.4174494484, -78.2564968462,Hippodamia parenthesis,Note,2021
50.94, -113.99,Hippodamia parenthesis,Note,2015
50.93999862670898, -113.98999786376952,Hippodamia parenthesis,Note,2015
50.941, -113.991,Hippodamia parenthesis,Note,2015
45.0685676034, -75.0084642693,Hippodamia parenthesis,Note,2020
55.15, -118.81,Hippodamia parenthesis,Note,2014
47.45706, -92.52196,Hippodamia parenthesis,Note,2016
51.1382432002, -114.1675062105,Hippodamia parenthesis,Note,2020
50.9083892458, -114.0180323853,Hippodamia parenthesis,Note,2020
46.383377, -71.430193,Hippodamia parenthesis,Note,2015
46.384576, -71.432848,Hippodamia parenthesis,Note,2015
50.9156197018, -113.9718161507,Hippodamia parenthesis,Note,2020
50.915575805, -113.9719362142,Hippodamia parenthesis,Note,2020
45.0430984497, -79.3121032715,Hippodamia parenthesis,Note,2021
51.1546336894, -114.3770016051,Hippodamia parenthesis,Note,2019
53.5622595645, -113.275244236,Hippodamia parenthesis,Note,2008
53.5622085854, -113.2753944397,Hippodamia parenthesis,Note,2008
53.543546, -113.467172,Hippodamia parenthesis,Note,2008
45.2090025, -93.2955837,Hippodamia parenthesis,Note,2019
50.9099989804, -114.0589247518,Hippodamia parenthesis,Note,2020
49.485634, -113.9366,Hippodamia parenthesis,Note,2009
44.3252936741, -78.331309855,Hippodamia parenthesis,Note,2020
44.49862, -73.24662,Hippodamia parenthesis,Note,2021
42.4718153, -76.438202,Hippodamia parenthesis,Note,2010
42.46415, -76.48114,Hippodamia parenthesis,Note,2016
44.3190404161, -76.5420524116,Hippodamia parenthesis,Note,2020
42.484695, -76.534355,Hippodamia parenthesis,Note,2021
38.929822, -104.57608,Hippodamia parenthesis,Note,2009
38.929822, -104.57608,Hippodamia parenthesis,Note,2010
46.1815922649, -121.4834086227,Hippodamia parenthesis,Note,2021
52.258793711, -113.7883910537,Hippodamia parenthesis,Note,2020
35.1883916667, -111.644495,Hippodamia parenthesis,Note,2018
41.0814447, -81.519005,Hippodamia parenthesis,Note,2012
52.1301335397, -106.7464106542,Hippodamia parenthesis,Note,2020
52.1246619478, -106.7604004339,Hippodamia parenthesis,Note,2020
52.1206945, -106.57884167,Hippodamia parenthesis,Note,2020
42.4525621998, -73.3811392339,Hippodamia parenthesis,Note,2020
44.1866666667, -78.3855555556,Hippodamia parenthesis,Note,2020
42.529795, -71.3637133333,Hippodamia parenthesis,Note,2021
51.037807, -113.840247,Hippodamia parenthesis,Note,2020
51.038026, -113.8398399722,Hippodamia parenthesis,Note,2020
43.54374667, -72.26702833,Hippodamia parenthesis,Note,2020
45.5049658, -76.6298365,Hippodamia parenthesis,Note,2020
52.1863124069, -106.6173561523,Hippodamia parenthesis,Note,2020
43.841325, -72.37386333,Hippodamia parenthesis,Note,2020
43.8149866667, -72.2738534167,Hippodamia parenthesis,Note,2020
43.8147450833, -72.2736444167,Hippodamia parenthesis,Note,2020
43.8149873611, -72.2738338333,Hippodamia parenthesis,Note,2020
43.8149774167, -72.2738331944,Hippodamia parenthesis,Note,2020
43.8149900556, -72.2738601389,Hippodamia parenthesis,Note,2020
44.4959866667, -73.207895,Hippodamia parenthesis,Note,2019
44.49208, -73.240355,Hippodamia parenthesis,Note,2021
50.7322006, -113.97,Hippodamia parenthesis,Note,2014
45.4329538713, -93.1915715455,Hippodamia parenthesis,Note,2012
41.1098916667, -77.4890916667,Hippodamia parenthesis,Note,2020
45.4194013, -93.194041,Hippodamia parenthesis,Note,2012
44.664831, -73.348248,Hippodamia parenthesis,Note,2018
43.5187, -80.1709,Hippodamia parenthesis,Note,2015
45.0479759101, -75.9226717166,Hippodamia parenthesis,Note,2020
45.0492368879, -75.923576653,Hippodamia parenthesis,Note,2020
44.4711239946, -73.1941439908,Hippodamia parenthesis,Note,2021
50.6805566667, -121.457465,Hippodamia parenthesis,Note,2020
45.1339195, -93.1479195,Hippodamia parenthesis,Note,2018
44.550456, -73.12537,Hippodamia parenthesis,Note,2012
44.550456, -73.125367,Hippodamia parenthesis,Note,2012
44.55045700073242, -73.1253662109375,Hippodamia parenthesis,Note,2012
44.475682, -73.12727,Hippodamia parenthesis,Note,2012
40.3062095, -105.07916,Hippodamia parenthesis,Note,2014
41.1402520592, -81.8744358365,Hippodamia parenthesis,Note,2018
43.267600568, -79.9344268884,Hippodamia parenthesis,Note,2017
35.588826, -106.007134,Hippodamia parenthesis,Note,2012
35.588826, -106.007134,Hippodamia parenthesis,Note,2019
44.9477804587, -75.7230388893,Hippodamia parenthesis,Note,2021
38.9330494, -104.60858,Hippodamia parenthesis,Note,2009
38.9341583, -104.60948,Hippodamia parenthesis,Note,2011
38.9341583, -104.60948,Hippodamia parenthesis,Note,2014
38.9341583, -104.60948,Hippodamia parenthesis,Note,2015
44.1299276385, -76.155712524,Hippodamia parenthesis,Note,2020
42.9738693, -77.853286,Hippodamia parenthesis,Note,2014
44.41545867919922, -73.10118865966797,Hippodamia parenthesis,Note,2012
44.41546, -73.10119,Hippodamia parenthesis,Note,2012
43.9530055556, -72.8200222222,Hippodamia parenthesis,Note,2021
43.217296565, -85.5391485606,Hippodamia parenthesis,Note,2021
39.0916586, -104.87275,Hippodamia parenthesis,Note,2009
40.3398264603, -105.5669483542,Hippodamia parenthesis,Note,2017
40.4233142, -104.70913,Hippodamia parenthesis,Note,2010
40.8352424478, -83.2708619124,Hippodamia parenthesis,Note,2020
44.9624012523, -85.6585381957,Hippodamia parenthesis,Note,2020
45.4279561153, -93.7173880261,Hippodamia parenthesis,Note,2020
44.7858944444, -85.5666083333,Hippodamia parenthesis,Note,2020
39.7428703, -105.51972,Hippodamia parenthesis,Note,2014
43.49878, -72.5340716667,Hippodamia parenthesis,Note,2021
42.106687, -83.430928,Hippodamia parenthesis,Note,2009
43.516695, -72.40119167,Hippodamia parenthesis,Note,2020
38.7513999, -104.74391,Hippodamia parenthesis,Note,2013
44.5728151091, -75.7213850487,Hippodamia parenthesis,Note,2020
44.35, -76.89,Hippodamia parenthesis,Note,2011
44.34999847412109, -76.88999938964844,Hippodamia parenthesis,Note,2011
44.349, -76.895,Hippodamia parenthesis,Note,2011
45.0672874451, -93.3816223145,Hippodamia parenthesis,Note,2021
42.6819287741, -82.9298945547,Hippodamia parenthesis,Note,2021
44.3815216667, -72.88678,Hippodamia parenthesis,Note,2018
44.08431117, -69.80152167,Hippodamia parenthesis,Note,2020
44.52263566, -68.54156521,Hippodamia parenthesis,Note,2018
38.894777, -104.69706,Hippodamia parenthesis,Note,2010
45.555855725, -73.7891930714,Hippodamia parenthesis,Note,2021
41.3587413824, -88.1611046791,Hippodamia parenthesis,Note,2017
44.7108632295, -93.1629880303,Hippodamia parenthesis,Note,2020
41.7916546, -93.522159,Hippodamia parenthesis,Note,2009
44.980833992, -78.6220590297,Hippodamia parenthesis,Note,2018
42.0641003833, -93.6367334425,Hippodamia parenthesis,Note,2021
43.6182313337, -70.3058432,Hippodamia parenthesis,Note,2021
47.909153, -97.304665,Hippodamia parenthesis,Note,2011
49.004414965, -119.61431324,Hippodamia parenthesis,Note,2021
46.5788800568, -71.614987052,Hippodamia parenthesis,Note,2019
42.65565, -80.5727183333,Hippodamia parenthesis,Note,2021
39.172845899, -119.8953683589,Hippodamia parenthesis,Note,2020
43.2966633333, -89.3807,Hippodamia parenthesis,Note,2021
43.6209622669, -79.395362741,Hippodamia parenthesis,Note,2021
40.6234989355, -80.0309310077,Hippodamia parenthesis,Note,2021
42.635475, -70.970827,Hippodamia parenthesis,Note,2021
38.72903, -104.69941667,Hippodamia parenthesis,Note,2020
46.624203, -71.497819,Hippodamia parenthesis,Note,2015
40.7009055556, -77.9574027778,Hippodamia parenthesis,Note,2021
40.7753606111, -77.8502197222,Hippodamia parenthesis,Note,2021
45.8855025293, -77.273935827,Hippodamia parenthesis,Note,2020
40.799150016, -77.8923960451,Hippodamia parenthesis,Note,2020
42.5189577881, -83.0046091568,Hippodamia parenthesis,Note,2021
38.8901095465, -104.7430129722,Hippodamia parenthesis,Note,2020
43.3594444, -73.656944,Hippodamia parenthesis,Note,2011
38.7541545, -104.94802,Hippodamia parenthesis,Note,2009
44.8805732727, -92.6276550293,Hippodamia parenthesis,Note,2021
42.5670835682, -72.3407178464,Hippodamia parenthesis,Note,2020
44.8897911966, -73.466287426,Hippodamia parenthesis,Note,2019
40.1672068, -105.10192,Hippodamia parenthesis,Note,2010
43.906, -77.24,Hippodamia parenthesis,Note,2008
43.906, -77.24,Hippodamia parenthesis,Note,2009
43.906, -77.24,Hippodamia parenthesis,Note,2010
42.4171283333, -87.804335,Hippodamia parenthesis,Note,2021
42.4550372697, -71.083552514,Hippodamia parenthesis,Note,2021
42.9160323504, -72.2980615497,Hippodamia parenthesis,Note,2020
42.8854408, -78.878463,Hippodamia parenthesis,Note,2016
42.1887721, -120.34579,Hippodamia parenthesis,Note,2009
40.424845, -105.220236,Hippodamia parenthesis,Note,2015
38.729155, -104.83288,Hippodamia parenthesis,Note,2021
42.7633936, -78.309738,Hippodamia parenthesis,Note,2010
38.826427, -104.88079,Hippodamia parenthesis,Note,2015
42.7539591, -76.702448,Hippodamia parenthesis,Note,2010
43.29422833, -71.00108333,Hippodamia parenthesis,Note,2020
45.2286972222, -76.1963138889,Hippodamia parenthesis,Note,2020
43.8986062997, -77.2799109997,Hippodamia parenthesis,Note,2021
44.8896571901, -76.1274402962,Hippodamia parenthesis,Note,2019
40.7979240417, -77.9985809326,Hippodamia parenthesis,Note,2017
44.720575, -73.4314027778,Hippodamia parenthesis,Note,2020
48.3380393, -70.883453,Hippodamia parenthesis,Note,2012
41.7689838051, -72.1855059214,Hippodamia parenthesis,Note,2021
38.8338816, -104.82136,Hippodamia parenthesis,Note,2010
38.833881, -104.82136,Hippodamia parenthesis,Note,2011
38.8338816, -104.82136,Hippodamia parenthesis,Note,2011
38.8338816, -104.82136,Hippodamia parenthesis,Note,2012
38.8334312, -104.8218,Hippodamia parenthesis,Note,2014
38.8334312, -104.8218,Hippodamia parenthesis,Note,2015
40.5666166667, -80.1236638333,Hippodamia parenthesis,Note,2021
38.8417663, -104.84572,Hippodamia parenthesis,Note,2014
38.8417663, -104.84572,Hippodamia parenthesis,Note,2015
39.8494383333, -105.4284533333,Hippodamia parenthesis,Note,2021
42.029994, -91.630559,Hippodamia parenthesis,Note,2012
42.459085, -71.275566,Hippodamia parenthesis,Note,2008
42.459085, -71.275566,Hippodamia parenthesis,Note,2010
45.4041671753, -93.186668396,Hippodamia parenthesis,Note,2018
42.2884535278, -88.3719933406,Hippodamia parenthesis,Note,2018
44.2768166667, -69.0551445,Hippodamia parenthesis,Note,2021
43.4394348266, -80.5353074205,Hippodamia parenthesis,Note,2018
42.4515716667, -71.0872583333,Hippodamia parenthesis,Note,2020
41.7561781599, -72.1797172277,Hippodamia parenthesis,Note,2020
42.2715008779, -83.0854001806,Hippodamia parenthesis,Note,2021
42.4022078936, -71.1985303479,Hippodamia parenthesis,Note,2020
42.99442, -77.37258833,Hippodamia parenthesis,Note,2021
44.3739366667, -72.9036116667,Hippodamia parenthesis,Note,2019
39.361775, -104.9243555556,Hippodamia parenthesis,Note,2020
44.3798, -72.9446972222,Hippodamia parenthesis,Note,2021
43.93724, -78.887912,Hippodamia parenthesis,Note,2021
43.8991383333, -77.0551916667,Hippodamia parenthesis,Note,2021
44.501709, -93.029329,Hippodamia parenthesis,Note,2015
39.65678, -104.9141166667,Hippodamia parenthesis,Note,2018
41.0116733127, -81.5193247037,Hippodamia parenthesis,Note,2012
42.3647154719, -71.2368285701,Hippodamia parenthesis,Note,2021
41.105181, -81.41305,Hippodamia parenthesis,Note,2015
35.8809666667, -106.30368,Hippodamia parenthesis,Note,2018
45.4589974231, -75.9825201399,Hippodamia parenthesis,Note,2021
45.5921866667, -73.2449416667,Hippodamia parenthesis,Note,2021
53.67478, -112.8204633333,Hippodamia parenthesis,Note,2021
50.0360852938, -110.7207301458,Hippodamia parenthesis,Note,2020
35.930555999103184, -106.498889,Hippodamia parenthesis,Note,2012
35.93055725097656, -106.49888610839844,Hippodamia parenthesis,Note,2012
35.923057556152344, -106.50055694580078,Hippodamia parenthesis,Note,2014
35.923055999103255, -106.500556,Hippodamia parenthesis,Note,2014
35.953609466552734, -106.44833374023438,Hippodamia parenthesis,Note,2013
35.907501220703125, -106.42444610595705,Hippodamia parenthesis,Note,2013
35.90305709838867, -106.42388916015624,Hippodamia parenthesis,Note,2013
35.90305599910346, -106.423889,Hippodamia parenthesis,Note,2013
35.907499999103415, -106.424444,Hippodamia parenthesis,Note,2013
35.95361099910295, -106.44833300000002,Hippodamia parenthesis,Note,2013
39.033, -104.471,Hippodamia parenthesis,Note,2014
42.7077, -80.34139,Hippodamia parenthesis,Note,2011
42.70769882202149, -80.34139251708984,Hippodamia parenthesis,Note,2011
41.782016, -103.51679,Hippodamia parenthesis,Note,2008
45.772943, -73.725011,Hippodamia parenthesis,Note,2011
46.5958056, -112.02703,Hippodamia parenthesis,Note,2012
46.5897598, -112.0212,Hippodamia parenthesis,Note,2013
46.5897598, -112.0212,Hippodamia parenthesis,Note,2014
42.2513, -83.86518,Hippodamia parenthesis,Note,2012
42.367675, -87.81339167,Hippodamia parenthesis,Note,2020
43.830512, -79.589977,Hippodamia parenthesis,Note,2019
43.08698306, -79.08523215,Hippodamia parenthesis,Note,2018
40.4453999722, -75.6268529722,Hippodamia parenthesis,Note,2021
42.743690724, -71.0347427393,Hippodamia parenthesis,Note,2020
44.4700135058, -93.1446702193,Hippodamia parenthesis,Note,2020
44.1531715, -87.568367,Hippodamia parenthesis,Note,2014
44.466636, -93.178975,Hippodamia parenthesis,Note,2013
44.466636, -93.178975,Hippodamia parenthesis,Note,2014
45.1688713, -73.6815322,Hippodamia parenthesis,Note,2020
41.0080810997, -81.401983,Hippodamia parenthesis,Note,2021
38.8966566, -104.9722,Hippodamia parenthesis,Note,2012
37.8028431096, -97.6448348165,Hippodamia parenthesis,Note,2018
46.7988428968, -96.1220347881,Hippodamia parenthesis,Note,2017
44.17, -69.625833,Hippodamia parenthesis,Note,2011
44.1562423706, -77.7039337158,Hippodamia parenthesis,Note,2021
39.7054966667, -104.99862,Hippodamia parenthesis,Note,2018
41.1490202357, -83.5098943859,Hippodamia parenthesis,Note,2021
39.6327058227, -105.148839388,Hippodamia parenthesis,Note,2020
39.5422338768, -105.0113038193,Hippodamia parenthesis,Note,2021
43.2667174133, -73.1079022539,Hippodamia parenthesis,Note,2021
42.895585, -71.582737,Hippodamia parenthesis,Note,2009
42.895585, -71.582737,Hippodamia parenthesis,Note,2011
42.895585, -71.582737,Hippodamia parenthesis,Note,2020
42.45551, -71.906877,Hippodamia parenthesis,Note,2009
46.609598, -81.012595,Hippodamia parenthesis,Note,2020
42.7643366667, -71.855545,Hippodamia parenthesis,Note,2021
42.2405757778, -83.0418992043,Hippodamia parenthesis,Note,2017
38.872773, -104.8715128,Hippodamia parenthesis,Note,2017
42.2314158, -71.1379795,Hippodamia parenthesis,Note,2020
38.88348164, -104.8318955771,Hippodamia parenthesis,Note,2020
38.912688, -104.855335,Hippodamia parenthesis,Note,2017
38.915667, -104.854218,Hippodamia parenthesis,Note,2017
47.27044386, -91.26982555,Hippodamia parenthesis,Note,2020
40.9710716728, -105.0763320923,Hippodamia parenthesis,Note,2019
42.4486111, -71.877777,Hippodamia parenthesis,Note,2010
41.7000007629, -93.6399993896,Hippodamia parenthesis,Note,2021
42.2237466667, -71.322945,Hippodamia parenthesis,Note,2020
42.4773830086, -83.9959716797,Hippodamia parenthesis,Note,2017
43.7736206796, -73.1038294907,Hippodamia parenthesis,Note,2020
41.394495, -95.953144,Hippodamia parenthesis,Note,2016
49.18000030517578, -107.68000030517578,Hippodamia parenthesis,Note,2008
49.18, -107.68,Hippodamia parenthesis,Note,2008
49.18, -107.69,Hippodamia parenthesis,Note,2008
49.18000030517578, -107.69000244140624,Hippodamia parenthesis,Note,2008
49.182, -107.687,Hippodamia parenthesis,Note,2008
45.78398, -75.0989916667,Hippodamia parenthesis,Note,2021
42.9865446, -73.6406992,Hippodamia parenthesis,Note,2020
40.4053232276, -105.0968952914,Hippodamia parenthesis,Note,2018
42.0686367, -88.413415,Hippodamia parenthesis,Note,2012
53.9230859787, -106.0856730212,Hippodamia parenthesis,Note,2020
40.887275, -77.834459,Hippodamia parenthesis,Note,2017
40.149355419, -88.25204378,Hippodamia parenthesis,Note,2019
49.6741854373, -103.8375150296,Hippodamia parenthesis,Note,2020
40.136824, -88.216752,Hippodamia parenthesis,Note,2015
40.131933, -88.29027,Hippodamia parenthesis,Note,2015
42.558375, -73.654656,Hippodamia parenthesis,Note,2016
40.0723740639, -88.2584977519,Hippodamia parenthesis,Note,2021
43.0811624166, -77.6658538104,Hippodamia parenthesis,Note,2018
43.556923, -72.89477,Hippodamia parenthesis,Note,2021
43.6955680265, -86.5119436691,Hippodamia parenthesis,Note,2021
43.2488095688, -85.6266525015,Hippodamia parenthesis,Note,2021
41.8927032117, -89.3513232567,Hippodamia parenthesis,Note,2021
40.78436525, -89.5750317222,Hippodamia parenthesis,Note,2021
39.0637922, -78.0652661,Hippodamia parenthesis,Note,2021
36.6695685818, -81.6064512476,Hippodamia parenthesis,Note,2021
38.965017, -77.8550299722,Hippodamia parenthesis,Note,2021
38.9646019722, -77.8535339722,Hippodamia parenthesis,Note,2021
38.962592, -77.8568829722,Hippodamia parenthesis,Note,2021
39.4324975024, -76.6060533375,Hippodamia parenthesis,Note,2021
41.6650287869, -91.5844664329,Hippodamia parenthesis,Note,2021
41.6650708279, -91.5845747723,Hippodamia parenthesis,Note,2021
48.715392, -121.998253,Hippodamia parenthesis,Note,2021
41.66493789, -91.58444145,Hippodamia parenthesis,Note,2021
44.4176216667, -70.8137066667,Hippodamia parenthesis,Note,2021
34.6038093333, -82.7353439167,Hippodamia parenthesis,Note,2021
44.3597793579, -98.2107162476,Hippodamia parenthesis,Note,2021
42.6048783333, -79.1141805,Hippodamia parenthesis,Note,2021
42.606555, -79.1133111667,Hippodamia parenthesis,Note,2021
42.6050616667, -79.1141583333,Hippodamia parenthesis,Note,2021
40.6208282942, -73.2842367143,Hippodamia parenthesis,Note,2021
49.0149111167, -114.0213305,Hippodamia parenthesis,Note,2021
40.9668189756, -79.6136206651,Hippodamia parenthesis,Note,2021
42.1023489163, -80.0525774249,Hippodamia parenthesis,Note,2021
40.9096716667, -76.1000221667,Hippodamia parenthesis,Note,2021
49.8057969722, -99.640218,Hippodamia parenthesis,Note,2021
39.1278989722, -84.790907,Hippodamia parenthesis,Note,2021
40.848495, -81.1060195,Hippodamia parenthesis,Note,2021
40.9598579407, -83.6566772461,Hippodamia parenthesis,Note,2021
40.8339425, -83.6507644,Hippodamia parenthesis,Note,2021
40.0670720704, -82.4485413448,Hippodamia parenthesis,Note,2021
41.3331196997, -81.4100928997,Hippodamia parenthesis,Note,2021
41.7607140681, -81.2877079379,Hippodamia parenthesis,Note,2021
41.0224388333, -82.095025,Hippodamia parenthesis,Note,2021
40.6976370191, -81.1772745364,Hippodamia parenthesis,Note,2021
40.4396098934, -79.947068207,Hippodamia parenthesis,Note,2021
38.990020267, -93.5667738321,Hippodamia parenthesis,Note,2021
42.8505134444, -79.5619964444,Hippodamia parenthesis,Note,2021
49.0532083333, -114.0758528333,Hippodamia parenthesis,Note,2021
44.5725740427, -73.5705320165,Hippodamia parenthesis,Note,2021
50.9339199326, -115.7176792511,Hippodamia parenthesis,Note,2021
49.8472620264, -97.1685281757,Hippodamia parenthesis,Note,2021
41.6122336256, -83.8074899315,Hippodamia parenthesis,Note,2021
46.2693250631, -119.2882465347,Hippodamia parenthesis,Note,2021
