latitude,longitude,scientificname,occurrenceRemarks,Year
49.18000030517578, -107.68000030517578,Hippodamia parenthesis,Note,2008
49.06999969482422, -106.52999877929688,Hippodamia parenthesis,Note,2008
49.182, -107.687,Hippodamia parenthesis,Note,2008
49.18, -107.68,Hippodamia parenthesis,Note,2008
49.07, -106.53,Hippodamia parenthesis,Note,2008
49.071, -106.531,Hippodamia parenthesis,Note,2008
49.18, -107.69,Hippodamia parenthesis,Note,2008
49.18000030517578, -107.69000244140624,Hippodamia parenthesis,Note,2008
43.532, -86.114,Hippodamia parenthesis,Note,2009
42.895585, -71.582737,Hippodamia parenthesis,Note,2009
42.1887721, -120.34579,Hippodamia parenthesis,Note,2009
39.338, -101.697,Hippodamia parenthesis,Note,2009
33.526, -105.439,Hippodamia parenthesis,Note,2009
42.45551, -71.906877,Hippodamia parenthesis,Note,2009
52.79999923706055, -118.0199966430664,Hippodamia parenthesis,Note,2010
52.810001373291016, -118.0199966430664,Hippodamia parenthesis,Note,2010
52.81, -118.02,Hippodamia parenthesis,Note,2010
42.4486111, -71.877777,Hippodamia parenthesis,Note,2010
52.808, -118.023,Hippodamia parenthesis,Note,2010
52.8, -118.02,Hippodamia parenthesis,Note,2010
43.385253, -95.143197,Hippodamia parenthesis,Note,2010
45.87021, -82.54186,Hippodamia parenthesis,Note,2010
45.870208740234375, -82.54186248779297,Hippodamia parenthesis,Note,2010
42.895585, -71.582737,Hippodamia parenthesis,Note,2011
44.35, -76.89,Hippodamia parenthesis,Note,2011
37.96, -119.123,Hippodamia parenthesis,Note,2011
44.34999847412109, -76.88999938964844,Hippodamia parenthesis,Note,2011
44.349, -76.895,Hippodamia parenthesis,Note,2011
43.6365693, -113.30028,Hippodamia parenthesis,Note,2012
49.13999938964844, -107.52999877929688,Hippodamia parenthesis,Note,2012
48.3380393, -70.883453,Hippodamia parenthesis,Note,2012
49.150001525878906, -107.52999877929688,Hippodamia parenthesis,Note,2012
49.149, -107.53,Hippodamia parenthesis,Note,2012
49.14, -107.53,Hippodamia parenthesis,Note,2012
39.67, -104.45,Hippodamia parenthesis,Note,2012
49.15, -107.53,Hippodamia parenthesis,Note,2012
35.588826, -106.007134,Hippodamia parenthesis,Note,2012
35.930555999103184, -106.498889,Hippodamia parenthesis,Note,2012
35.93055725097656, -106.49888610839844,Hippodamia parenthesis,Note,2012
42.18483, -73.519127,Hippodamia parenthesis,Note,2012
47.680278, -92.878333,Hippodamia parenthesis,Note,2013
35.953609466552734, -106.44833374023438,Hippodamia parenthesis,Note,2013
35.907501220703125, -106.42444610595705,Hippodamia parenthesis,Note,2013
35.90305709838867, -106.42388916015624,Hippodamia parenthesis,Note,2013
41.6072006, -81.050598,Hippodamia parenthesis,Note,2013
38.002792, -100.84914,Hippodamia parenthesis,Note,2013
35.90305599910346, -106.423889,Hippodamia parenthesis,Note,2013
35.907499999103415, -106.424444,Hippodamia parenthesis,Note,2013
35.95361099910295, -106.44833300000002,Hippodamia parenthesis,Note,2013
41.4656, -71.49,Hippodamia parenthesis,Note,2013
34.2313194, -111.32466,Hippodamia parenthesis,Note,2013
37.7127, -118.7862,Hippodamia parenthesis,Note,2013
50.7322006, -113.97,Hippodamia parenthesis,Note,2014
49.001, -106.557,Hippodamia parenthesis,Note,2014
49.0, -106.55,Hippodamia parenthesis,Note,2014
49.0, -106.5500030517578,Hippodamia parenthesis,Note,2014
37.137877, -82.814908,Hippodamia parenthesis,Note,2014
47.63, -92.863333,Hippodamia parenthesis,Note,2014
42.8500785, -106.32778,Hippodamia parenthesis,Note,2014
43.7693901, -103.60193,Hippodamia parenthesis,Note,2014
41.03164, -91.963376,Hippodamia parenthesis,Note,2014
35.923057556152344, -106.50055694580078,Hippodamia parenthesis,Note,2014
35.923055999103255, -106.500556,Hippodamia parenthesis,Note,2014
42.9194, -71.4065,Hippodamia parenthesis,Note,2014
49.0, -106.56,Hippodamia parenthesis,Note,2014
49.0, -106.55999755859376,Hippodamia parenthesis,Note,2014
42.4169966667, -103.7582466667,Hippodamia parenthesis,Note,2015
40.612365, -120.720234,Hippodamia parenthesis,Note,2015
37.853807, -118.961375,Hippodamia parenthesis,Note,2015
33.6458166667, -116.59693,Hippodamia parenthesis,Note,2015
49.77, -100.63,Hippodamia parenthesis,Note,2015
50.98, -107.14,Hippodamia parenthesis,Note,2015
37.3474617, -108.29113,Hippodamia parenthesis,Note,2015
40.7156427869, -93.7643243153,Hippodamia parenthesis,Note,2015
50.98, -107.13,Hippodamia parenthesis,Note,2015
50.98, -107.135,Hippodamia parenthesis,Note,2015
50.97999954223633, -107.12999725341795,Hippodamia parenthesis,Note,2015
49.7599983215332, -100.62000274658205,Hippodamia parenthesis,Note,2015
49.76, -100.62,Hippodamia parenthesis,Note,2015
49.767, -100.628,Hippodamia parenthesis,Note,2015
49.77000045776367, -100.62999725341795,Hippodamia parenthesis,Note,2015
50.97999954223633, -107.13999938964844,Hippodamia parenthesis,Note,2015
41.172451, -71.557807,Hippodamia parenthesis,Note,2016
36.837209, -108.000093,Hippodamia parenthesis,Note,2016
42.3316307, -73.611968,Hippodamia parenthesis,Note,2016
51.3521527778, -105.2159111111,Hippodamia parenthesis,Note,2016
44.660844, -83.405247,Hippodamia parenthesis,Note,2017
49.6314703465, -109.8747396469,Hippodamia parenthesis,Note,2017
42.629202, -97.854462,Hippodamia parenthesis,Note,2017
43.2507516667, -71.7377966667,Hippodamia parenthesis,Note,2017
46.2966283333, -93.8230366667,Hippodamia parenthesis,Note,2017
43.78692, -99.33918,Hippodamia parenthesis,Note,2017
43.85315, -101.203895,Hippodamia parenthesis,Note,2017
39.5722, -82.0423,Hippodamia parenthesis,Note,2018
41.30039006, -84.74354111,Hippodamia parenthesis,Note,2018
32.668858, -109.87756,Hippodamia parenthesis,Note,2018
44.5840707039, -104.7095077816,Hippodamia parenthesis,Note,2018
44.980833992, -78.6220590297,Hippodamia parenthesis,Note,2018
35.8809666667, -106.30368,Hippodamia parenthesis,Note,2018
37.76627, -118.7039716667,Hippodamia parenthesis,Note,2018
35.588826, -106.007134,Hippodamia parenthesis,Note,2019
44.2241280917, -96.3086488607,Hippodamia parenthesis,Note,2019
40.516476758, -109.5965526626,Hippodamia parenthesis,Note,2019
42.432082, -103.79284,Hippodamia parenthesis,Note,2019
42.6691423, -103.46469292,Hippodamia parenthesis,Note,2019
42.66519695, -103.46078624,Hippodamia parenthesis,Note,2019
40.5237806752, -107.5640822438,Hippodamia parenthesis,Note,2019
40.5239040897, -107.5643180098,Hippodamia parenthesis,Note,2019
44.9117433006, -110.3276420832,Hippodamia parenthesis,Note,2019
49.75518, -106.76117,Hippodamia parenthesis,Note,2019
40.9710716728, -105.0763320923,Hippodamia parenthesis,Note,2019
47.0563053341, -79.7787161365,Hippodamia parenthesis,Note,2020
52.258793711, -113.7883910537,Hippodamia parenthesis,Note,2020
40.91055, -76.09800833,Hippodamia parenthesis,Note,2020
41.137485453, -78.7152114139,Hippodamia parenthesis,Note,2020
41.48958592, -71.52560779,Hippodamia parenthesis,Note,2020
50.0360852938, -110.7207301458,Hippodamia parenthesis,Note,2020
37.1910166667, -118.6666555556,Hippodamia parenthesis,Note,2020
43.0642390101, -73.1165732593,Hippodamia parenthesis,Note,2020
51.2173694444, -123.1841833333,Hippodamia parenthesis,Note,2020
49.1520361111, -120.7662722222,Hippodamia parenthesis,Note,2020
51.2075277778, -123.2888861111,Hippodamia parenthesis,Note,2020
43.0720305, -73.1129486,Hippodamia parenthesis,Note,2020
52.20152, -107.2843183333,Hippodamia parenthesis,Note,2020
50.962520089, -106.4741925521,Hippodamia parenthesis,Note,2020
53.5365472222, -105.7734366667,Hippodamia parenthesis,Note,2020
51.4191416667, -122.2783083333,Hippodamia parenthesis,Note,2020
45.0479759101, -75.9226717166,Hippodamia parenthesis,Note,2020
45.0492368879, -75.923576653,Hippodamia parenthesis,Note,2020
49.6741854373, -103.8375150296,Hippodamia parenthesis,Note,2020
46.52779667, -121.34493333,Hippodamia parenthesis,Note,2020
49.06183617, -120.82567,Hippodamia parenthesis,Note,2020
40.4614972222, -94.783675,Hippodamia parenthesis,Note,2020
36.26871167, -106.92585,Hippodamia parenthesis,Note,2020
43.0005135107, -71.4570647323,Hippodamia parenthesis,Note,2020
43.29422833, -71.00108333,Hippodamia parenthesis,Note,2020
42.895585, -71.582737,Hippodamia parenthesis,Note,2020
42.629202, -97.854462,Hippodamia parenthesis,Note,2020
41.9514742938, -71.8429738283,Hippodamia parenthesis,Note,2020
41.88859167, -89.34521333,Hippodamia parenthesis,Note,2020
47.12928333, -99.25516333,Hippodamia parenthesis,Note,2020
43.9530055556, -72.8200222222,Hippodamia parenthesis,Note,2021
43.2667174133, -73.1079022539,Hippodamia parenthesis,Note,2021
37.853807, -118.961375,Hippodamia parenthesis,Note,2021
38.8732135997, -106.9804895,Hippodamia parenthesis,Note,2021
41.8927032117, -89.3513232567,Hippodamia parenthesis,Note,2021
44.8642969039, -110.1691910439,Hippodamia parenthesis,Note,2021
36.6695685818, -81.6064512476,Hippodamia parenthesis,Note,2021
46.1815922649, -121.4834086227,Hippodamia parenthesis,Note,2021
48.4984664917, -120.761756897,Hippodamia parenthesis,Note,2021
40.8230379722, -93.720465,Hippodamia parenthesis,Note,2021
44.4176216667, -70.8137066667,Hippodamia parenthesis,Note,2021
44.5793388371, -75.0952804564,Hippodamia parenthesis,Note,2021
40.9668189756, -79.6136206651,Hippodamia parenthesis,Note,2021
40.9096716667, -76.1000221667,Hippodamia parenthesis,Note,2021
49.8057969722, -99.640218,Hippodamia parenthesis,Note,2021
40.42313, -81.2441716667,Hippodamia parenthesis,Note,2021
40.8339425, -83.6507644,Hippodamia parenthesis,Note,2021
48.1139944444, -96.1536666667,Hippodamia parenthesis,Note,2021
38.990020267, -93.5667738321,Hippodamia parenthesis,Note,2021
50.8022313864, -115.3679546714,Hippodamia parenthesis,Note,2021
42.8505134444, -79.5619964444,Hippodamia parenthesis,Note,2021
45.78398, -75.0989916667,Hippodamia parenthesis,Note,2021
53.6015116, -106.516698,Hippodamia parenthesis,Note,2021
36.1962945066, -105.2243145982,Hippodamia parenthesis,Note,2021
35.2400472222, -107.660775,Hippodamia parenthesis,Note,2021
50.9339199326, -115.7176792511,Hippodamia parenthesis,Note,2021
40.7217869233, -99.3697406352,Hippodamia parenthesis,Note,2021
37.9521666667, -118.4511866667,Hippodamia parenthesis,Note,2021
40.1828512869, -116.8960129225,Hippodamia parenthesis,Note,2021
49.7443738825, -118.936390878,Hippodamia parenthesis,Note,2021
46.2693250631, -119.2882465347,Hippodamia parenthesis,Note,2021
40.3062095, -105.07916,Hippodamia parenthesis,Note,2014
38.0182445, -119.166,Hippodamia parenthesis,Note,2018
38.0184361111, -119.1659166667,Hippodamia parenthesis,Note,2018
37.9886388889, -119.1848138889,Hippodamia parenthesis,Note,2019
49.110649, -119.674355,Hippodamia parenthesis,Note,2020
49.0142842957, -119.5893362523,Hippodamia parenthesis,Note,2020
45.1390312997, -76.3840890997,Hippodamia parenthesis,Note,2021
49.004414965, -119.61431324,Hippodamia parenthesis,Note,2021
46.5958056, -112.02703,Hippodamia parenthesis,Note,2012
46.5897598, -112.0212,Hippodamia parenthesis,Note,2013
46.5897598, -112.0212,Hippodamia parenthesis,Note,2014
55.15, -118.81,Hippodamia parenthesis,Note,2014
44.9624012523, -85.6585381957,Hippodamia parenthesis,Note,2020
50.1070149722, -123.2059349722,Hippodamia parenthesis,Note,2021
49.08000183105469, -113.87999725341795,Hippodamia parenthesis,Note,2012
49.08000183105469, -113.87000274658205,Hippodamia parenthesis,Note,2012
49.081, -113.879,Hippodamia parenthesis,Note,2012
49.088, -113.883,Hippodamia parenthesis,Note,2012
49.08, -113.87,Hippodamia parenthesis,Note,2012
49.08, -113.88,Hippodamia parenthesis,Note,2012
49.09000015258789, -113.87999725341795,Hippodamia parenthesis,Note,2012
49.09, -113.88,Hippodamia parenthesis,Note,2012
39.72716, -105.142196,Hippodamia parenthesis,Note,2011
39.7196489231, -105.1398038864,Hippodamia parenthesis,Note,2017
48.958101, -113.891637,Hippodamia parenthesis,Note,2016
49.0149111167, -114.0213305,Hippodamia parenthesis,Note,2021
39.9205411, -105.08665,Hippodamia parenthesis,Note,2009
43.77742, -103.50172,Hippodamia parenthesis,Note,2009
43.7836, -103.50528,Hippodamia parenthesis,Note,2009
44.613772, -71.33994,Hippodamia parenthesis,Note,2009
44.613772, -71.33994,Hippodamia parenthesis,Note,2011
49.085, -115.132,Hippodamia parenthesis,Note,2011
44.294912, -92.215112,Hippodamia parenthesis,Note,2013
37.1677207, -104.50817,Hippodamia parenthesis,Note,2013
47.08933, -104.70608,Hippodamia parenthesis,Note,2016
41.505363, -121.112874,Hippodamia parenthesis,Note,2016
47.60961824, -103.376604019,Hippodamia parenthesis,Note,2018
36.5572201247, -105.4167992994,Hippodamia parenthesis,Note,2019
39.983005, -105.1340638333,Hippodamia parenthesis,Note,2019
50.6805566667, -121.457465,Hippodamia parenthesis,Note,2020
46.841830552, -71.2074664003,Hippodamia parenthesis,Note,2020
42.6780723611, -72.11013175,Hippodamia parenthesis,Note,2020
46.6073358922, -89.5802043738,Hippodamia parenthesis,Note,2020
48.715392, -121.998253,Hippodamia parenthesis,Note,2021
44.2768166667, -69.0551445,Hippodamia parenthesis,Note,2021
40.0149856, -105.27054,Hippodamia parenthesis,Note,2009
40.058094, -105.195154,Hippodamia parenthesis,Note,2017
39.9407055184, -105.2644729614,Hippodamia parenthesis,Note,2017
39.9831366667, -105.2400133333,Hippodamia parenthesis,Note,2018
39.98323, -105.24012,Hippodamia parenthesis,Note,2018
39.9856133333, -105.240555,Hippodamia parenthesis,Note,2018
39.9639283333, -105.2362883333,Hippodamia parenthesis,Note,2018
39.9832, -105.2399883333,Hippodamia parenthesis,Note,2019
39.9970333333, -105.2953333333,Hippodamia parenthesis,Note,2019
39.9838216667, -105.2425166667,Hippodamia parenthesis,Note,2019
39.9839033333, -105.2430333333,Hippodamia parenthesis,Note,2019
42.11379717, -89.23137,Hippodamia parenthesis,Note,2020
40.6208282942, -73.2842367143,Hippodamia parenthesis,Note,2021
50.9083892458, -114.0180323853,Hippodamia parenthesis,Note,2020
50.9099989804, -114.0589247518,Hippodamia parenthesis,Note,2020
39.726287, -104.965486,Hippodamia parenthesis,Note,2015
39.7054966667, -104.99862,Hippodamia parenthesis,Note,2018
40.8352424478, -83.2708619124,Hippodamia parenthesis,Note,2020
46.1270925, -112.94916,Hippodamia parenthesis,Note,2012
46.1304206, -112.95333,Hippodamia parenthesis,Note,2015
47.6642916667, -119.5977766667,Hippodamia parenthesis,Note,2019
46.5788800568, -71.614987052,Hippodamia parenthesis,Note,2019
44.7380541265, -68.7274199166,Hippodamia parenthesis,Note,2019
50.66, -99.97,Hippodamia parenthesis,Note,2008
50.65999984741211, -99.97000122070312,Hippodamia parenthesis,Note,2008
49.485634, -113.9366,Hippodamia parenthesis,Note,2009
46.9103756286, -71.1826451018,Hippodamia parenthesis,Note,2021
51.1808350971, -97.6294898322,Hippodamia parenthesis,Note,2017
49.0532083333, -114.0758528333,Hippodamia parenthesis,Note,2021
46.9181226648, -71.2139392774,Hippodamia parenthesis,Note,2021
46.9109031761, -71.2266362822,Hippodamia parenthesis,Note,2021
46.9268746784, -71.1967891284,Hippodamia parenthesis,Note,2020
46.9251833984, -71.1964288026,Hippodamia parenthesis,Note,2020
46.9261796933, -71.1970230989,Hippodamia parenthesis,Note,2020
46.9267953776, -71.1961498529,Hippodamia parenthesis,Note,2020
47.369145, -92.404547,Hippodamia parenthesis,Note,2019
43.49878, -72.5340716667,Hippodamia parenthesis,Note,2021
44.8805732727, -92.6276550293,Hippodamia parenthesis,Note,2021
44.41545867919922, -73.10118865966797,Hippodamia parenthesis,Note,2012
44.41546, -73.10119,Hippodamia parenthesis,Note,2012
38.53, -104.82136,Hippodamia parenthesis,Note,2012
37.8028431096, -97.6448348165,Hippodamia parenthesis,Note,2018
40.7622184753, -77.618347168,Hippodamia parenthesis,Note,2018
53.9230859787, -106.0856730212,Hippodamia parenthesis,Note,2020
44.475682, -73.12727,Hippodamia parenthesis,Note,2012
45.555855725, -73.7891930714,Hippodamia parenthesis,Note,2021
51.0452194, -114.06301,Hippodamia parenthesis,Note,2013
51.0425305556, -114.0317722222,Hippodamia parenthesis,Note,2021
44.3113573, -96.798387,Hippodamia parenthesis,Note,2009
45.4279561153, -93.7173880261,Hippodamia parenthesis,Note,2020
51.13170876, -114.25130603,Hippodamia parenthesis,Note,2020
53.3902778, -112.45777,Hippodamia parenthesis,Note,2011
40.4453999722, -75.6268529722,Hippodamia parenthesis,Note,2021
50.9911966667, -114.144815,Hippodamia parenthesis,Note,2021
43.3594444, -73.656944,Hippodamia parenthesis,Note,2011
39.0916586, -104.87275,Hippodamia parenthesis,Note,2009
39.033, -104.471,Hippodamia parenthesis,Note,2014
46.1667216667, -113.0646666667,Hippodamia parenthesis,Note,2021
39.361775, -104.9243555556,Hippodamia parenthesis,Note,2020
44.720575, -73.4314027778,Hippodamia parenthesis,Note,2020
44.614035, -79.0595983333,Hippodamia parenthesis,Note,2018
39.8978436969, -105.3508686147,Hippodamia parenthesis,Note,2019
45.8407991426, -86.6721142922,Hippodamia parenthesis,Note,2021
53.67478, -112.8204633333,Hippodamia parenthesis,Note,2021
46.383377, -71.430193,Hippodamia parenthesis,Note,2015
46.384576, -71.432848,Hippodamia parenthesis,Note,2015
43.0037978371, -71.0717430539,Hippodamia parenthesis,Note,2020
43.00561388, -71.07167783,Hippodamia parenthesis,Note,2020
44.5728151091, -75.7213850487,Hippodamia parenthesis,Note,2020
44.4711239946, -73.1941439908,Hippodamia parenthesis,Note,2021
51.038026, -113.8398399722,Hippodamia parenthesis,Note,2020
51.037807, -113.840247,Hippodamia parenthesis,Note,2020
39.65678, -104.9141166667,Hippodamia parenthesis,Note,2018
39.6240882874, -104.8306274414,Hippodamia parenthesis,Note,2018
51.1055548949, -114.1236425841,Hippodamia parenthesis,Note,2021
42.106687, -83.430928,Hippodamia parenthesis,Note,2009
39.1205711, -104.16786,Hippodamia parenthesis,Note,2016
39.0198778333, -104.2711033333,Hippodamia parenthesis,Note,2021
51.1382432002, -114.1675062105,Hippodamia parenthesis,Note,2020
40.1672068, -105.10192,Hippodamia parenthesis,Note,2010
50.5659258692, -104.7204220009,Hippodamia parenthesis,Note,2018
39.8366528, -105.0372,Hippodamia parenthesis,Note,2009
38.5259, -104.425,Hippodamia parenthesis,Note,2010
40.4233142, -104.70913,Hippodamia parenthesis,Note,2010
39.8494383333, -105.4284533333,Hippodamia parenthesis,Note,2021
45.772943, -73.725011,Hippodamia parenthesis,Note,2011
44.8659632635, -73.3023939282,Hippodamia parenthesis,Note,2021
38.5365, -104.417,Hippodamia parenthesis,Note,2013
38.5625, -104.3437,Hippodamia parenthesis,Note,2014
38.533, -104.411,Hippodamia parenthesis,Note,2014
43.906, -77.24,Hippodamia parenthesis,Note,2008
43.906, -77.24,Hippodamia parenthesis,Note,2009
43.906, -77.24,Hippodamia parenthesis,Note,2010
43.8986062997, -77.2799109997,Hippodamia parenthesis,Note,2021
43.8991383333, -77.0551916667,Hippodamia parenthesis,Note,2021
44.664831, -73.348248,Hippodamia parenthesis,Note,2018
45.0685676034, -75.0084642693,Hippodamia parenthesis,Note,2020
40.1972427344, -105.2709767023,Hippodamia parenthesis,Note,2020
45.2286972222, -76.1963138889,Hippodamia parenthesis,Note,2020
40.3398264603, -105.5669483542,Hippodamia parenthesis,Note,2017
39.8255823623, -105.09752835,Hippodamia parenthesis,Note,2018
43.93724, -78.887912,Hippodamia parenthesis,Note,2021
43.4394348266, -80.5353074205,Hippodamia parenthesis,Note,2018
45.0430984497, -79.3121032715,Hippodamia parenthesis,Note,2021
47.3135176224, -92.6201386721,Hippodamia parenthesis,Note,2021
44.49208, -73.240355,Hippodamia parenthesis,Note,2021
44.8896571901, -76.1274402962,Hippodamia parenthesis,Note,2019
40.8209719404, -96.7261528056,Hippodamia parenthesis,Note,2018
41.3587413824, -88.1611046791,Hippodamia parenthesis,Note,2017
50.658, -120.528,Hippodamia parenthesis,Note,2013
50.67, -120.53,Hippodamia parenthesis,Note,2013
50.66999816894531, -120.52999877929688,Hippodamia parenthesis,Note,2013
44.49862, -73.24662,Hippodamia parenthesis,Note,2021
50.672, -120.533,Hippodamia parenthesis,Note,2013
43.4313663, -96.69727,Hippodamia parenthesis,Note,2009
45.1339195, -93.1479195,Hippodamia parenthesis,Note,2018
41.52351, -87.086655,Hippodamia parenthesis,Note,2017
50.6730072475, -120.3680133793,Hippodamia parenthesis,Note,2017
43.7517111111, -72.3688194444,Hippodamia parenthesis,Note,2020
44.09693975, -78.168068,Hippodamia parenthesis,Note,2021
50.64, -120.51,Hippodamia parenthesis,Note,2013
50.643, -120.517,Hippodamia parenthesis,Note,2013
50.66, -120.5,Hippodamia parenthesis,Note,2013
50.663, -120.504,Hippodamia parenthesis,Note,2013
50.63999938964844, -120.51000213623048,Hippodamia parenthesis,Note,2013
50.65999984741211, -120.5,Hippodamia parenthesis,Note,2013
43.5187, -80.1709,Hippodamia parenthesis,Note,2015
43.841325, -72.37386333,Hippodamia parenthesis,Note,2020
43.2894133333, -81.7987583333,Hippodamia parenthesis,Note,2018
43.288775, -81.7992733333,Hippodamia parenthesis,Note,2018
43.5453491, -96.731277,Hippodamia parenthesis,Note,2012
44.8897911966, -73.466287426,Hippodamia parenthesis,Note,2019
42.2314158, -71.1379795,Hippodamia parenthesis,Note,2020
47.909153, -97.304665,Hippodamia parenthesis,Note,2011
44.08431117, -69.80152167,Hippodamia parenthesis,Note,2020
45.4194013, -93.194041,Hippodamia parenthesis,Note,2012
45.4041671753, -93.186668396,Hippodamia parenthesis,Note,2018
43.44578, -70.663219,Hippodamia parenthesis,Note,2011
43.44578, -70.663219,Hippodamia parenthesis,Note,2014
45.811895784, -108.4865508042,Hippodamia parenthesis,Note,2020
42.5197, -71.3251866667,Hippodamia parenthesis,Note,2021
44.4959866667, -73.207895,Hippodamia parenthesis,Note,2019
44.550456, -73.12537,Hippodamia parenthesis,Note,2012
44.550456, -73.125367,Hippodamia parenthesis,Note,2012
44.55045700073242, -73.1253662109375,Hippodamia parenthesis,Note,2012
42.459085, -71.275566,Hippodamia parenthesis,Note,2008
42.459085, -71.275566,Hippodamia parenthesis,Note,2010
43.2446416667, -81.8817983333,Hippodamia parenthesis,Note,2018
43.830512, -79.589977,Hippodamia parenthesis,Note,2019
46.7988428968, -96.1220347881,Hippodamia parenthesis,Note,2017
43.4807371233, -79.9531061235,Hippodamia parenthesis,Note,2021
39.7428703, -105.51972,Hippodamia parenthesis,Note,2014
44.82097628, -73.09338452,Hippodamia parenthesis,Note,2021
42.5670835682, -72.3407178464,Hippodamia parenthesis,Note,2020
43.0811624166, -77.6658538104,Hippodamia parenthesis,Note,2018
42.4022078936, -71.1985303479,Hippodamia parenthesis,Note,2020
43.267600568, -79.9344268884,Hippodamia parenthesis,Note,2017
42.8854408, -78.878463,Hippodamia parenthesis,Note,2016
42.3647154719, -71.2368285701,Hippodamia parenthesis,Note,2021
45.1688713, -73.6815322,Hippodamia parenthesis,Note,2020
40.440569, -79.959705,Hippodamia parenthesis,Note,2012
40.440569, -79.959705,Hippodamia parenthesis,Note,2015
40.4396098934, -79.947068207,Hippodamia parenthesis,Note,2021
44.1866666667, -78.3855555556,Hippodamia parenthesis,Note,2020
50.9156197018, -113.9718161507,Hippodamia parenthesis,Note,2020
50.915575805, -113.9719362142,Hippodamia parenthesis,Note,2020
50.94, -113.99,Hippodamia parenthesis,Note,2015
50.93999862670898, -113.98999786376952,Hippodamia parenthesis,Note,2015
50.941, -113.991,Hippodamia parenthesis,Note,2015
40.4053232276, -105.0968952914,Hippodamia parenthesis,Note,2018
45.5921866667, -73.2449416667,Hippodamia parenthesis,Note,2021
44.3798, -72.9446972222,Hippodamia parenthesis,Note,2021
40.424845, -105.220236,Hippodamia parenthesis,Note,2015
44.3739366667, -72.9036116667,Hippodamia parenthesis,Note,2019
38.894777, -104.69706,Hippodamia parenthesis,Note,2010
47.2862, -92.62926,Hippodamia parenthesis,Note,2015
47.2862067514, -92.6263531909,Hippodamia parenthesis,Note,2020
47.2865815618, -92.6259101724,Hippodamia parenthesis,Note,2020
49.7404533333, -112.8670366667,Hippodamia parenthesis,Note,2018
44.3252936741, -78.331309855,Hippodamia parenthesis,Note,2020
44.253, -78.415,Hippodamia parenthesis,Note,2015
44.253, -78.415,Hippodamia parenthesis,Note,2016
52.1301335397, -106.7464106542,Hippodamia parenthesis,Note,2020
52.1246619478, -106.7604004339,Hippodamia parenthesis,Note,2020
50.97468278, -114.03089171,Hippodamia parenthesis,Note,2020
44.7858944444, -85.5666083333,Hippodamia parenthesis,Note,2020
43.2966633333, -89.3807,Hippodamia parenthesis,Note,2021
44.313531387, -78.3138942719,Hippodamia parenthesis,Note,2015
44.3809620129, -78.3303121125,Hippodamia parenthesis,Note,2021
44.4174494484, -78.2564968462,Hippodamia parenthesis,Note,2021
47.1482941491, -92.7688490279,Hippodamia parenthesis,Note,2021
47.21882, -92.62096,Hippodamia parenthesis,Note,2015
47.18333, -92.60223,Hippodamia parenthesis,Note,2015
47.1779233759, -92.5420712477,Hippodamia parenthesis,Note,2020
46.624203, -71.497819,Hippodamia parenthesis,Note,2015
42.99442, -77.37258833,Hippodamia parenthesis,Note,2021
51.1546336894, -114.3770016051,Hippodamia parenthesis,Note,2019
40.3044571667, -74.6956231389,Hippodamia parenthesis,Note,2018
42.0686367, -88.413415,Hippodamia parenthesis,Note,2012
40.252908, -74.711654,Hippodamia parenthesis,Note,2015
52.1206945, -106.57884167,Hippodamia parenthesis,Note,2020
52.1863124069, -106.6173561523,Hippodamia parenthesis,Note,2020
41.3107986, -105.59031,Hippodamia parenthesis,Note,2016
42.7539591, -76.702448,Hippodamia parenthesis,Note,2010
42.6819287741, -82.9298945547,Hippodamia parenthesis,Note,2021
41.0080810997, -81.401983,Hippodamia parenthesis,Note,2021
40.136824, -88.216752,Hippodamia parenthesis,Note,2015
38.2844291388, -104.6099737502,Hippodamia parenthesis,Note,2008
38.2844889844, -104.6096992493,Hippodamia parenthesis,Note,2014
38.2845844895, -104.6099780952,Hippodamia parenthesis,Note,2016
40.714295, -73.820376,Hippodamia parenthesis,Note,2008
40.714295, -73.820376,Hippodamia parenthesis,Note,2011
38.912688, -104.855335,Hippodamia parenthesis,Note,2017
38.915667, -104.854218,Hippodamia parenthesis,Note,2017
45.4329538713, -93.1915715455,Hippodamia parenthesis,Note,2012
42.1023489163, -80.0525774249,Hippodamia parenthesis,Note,2021
44.1299276385, -76.155712524,Hippodamia parenthesis,Note,2020
38.9797141, -105.35749,Hippodamia parenthesis,Note,2009
38.8966566, -104.9722,Hippodamia parenthesis,Note,2012
40.9598579407, -83.6566772461,Hippodamia parenthesis,Note,2021
40.131933, -88.29027,Hippodamia parenthesis,Note,2015
40.0723740639, -88.2584977519,Hippodamia parenthesis,Note,2021
40.149355419, -88.25204378,Hippodamia parenthesis,Note,2019
38.88348164, -104.8318955771,Hippodamia parenthesis,Note,2020
41.3738725149, -71.9529201743,Hippodamia parenthesis,Note,2017
42.7633936, -78.309738,Hippodamia parenthesis,Note,2010
44.748298645, -79.8631591797,Hippodamia parenthesis,Note,2019
44.3190404161, -76.5420524116,Hippodamia parenthesis,Note,2020
42.9738693, -77.853286,Hippodamia parenthesis,Note,2014
44.17, -69.625833,Hippodamia parenthesis,Note,2011
53.5622595645, -113.275244236,Hippodamia parenthesis,Note,2008
53.5622085854, -113.2753944397,Hippodamia parenthesis,Note,2008
42.529795, -71.3637133333,Hippodamia parenthesis,Note,2021
42.587072, -72.573941,Hippodamia parenthesis,Note,2012
42.587072, -72.573941,Hippodamia parenthesis,Note,2014
42.587072, -72.573941,Hippodamia parenthesis,Note,2015
41.7916546, -93.522159,Hippodamia parenthesis,Note,2009
42.7643366667, -71.855545,Hippodamia parenthesis,Note,2021
43.08698306, -79.08523215,Hippodamia parenthesis,Note,2018
38.8338816, -104.82136,Hippodamia parenthesis,Note,2010
38.833881, -104.82136,Hippodamia parenthesis,Note,2011
38.8338816, -104.82136,Hippodamia parenthesis,Note,2011
38.8338816, -104.82136,Hippodamia parenthesis,Note,2012
38.8334312, -104.8218,Hippodamia parenthesis,Note,2014
38.8334312, -104.8218,Hippodamia parenthesis,Note,2015
44.466636, -93.178975,Hippodamia parenthesis,Note,2013
44.466636, -93.178975,Hippodamia parenthesis,Note,2014
38.8901095465, -104.7430129722,Hippodamia parenthesis,Note,2020
38.729155, -104.83288,Hippodamia parenthesis,Note,2021
43.6209622669, -79.395362741,Hippodamia parenthesis,Note,2021
47.45706, -92.52196,Hippodamia parenthesis,Note,2016
40.5727348328, -105.0490264893,Hippodamia parenthesis,Note,2019
42.0641003833, -93.6367334425,Hippodamia parenthesis,Note,2021
53.543546, -113.467172,Hippodamia parenthesis,Note,2008
43.54374667, -72.26702833,Hippodamia parenthesis,Note,2020
43.0576848316, -89.4940895167,Hippodamia parenthesis,Note,2007
43.7106696502, -72.3056853754,Hippodamia parenthesis,Note,2021
43.7103877136, -72.3055797293,Hippodamia parenthesis,Note,2021
43.7105666667, -72.3055111111,Hippodamia parenthesis,Note,2021
43.7105972222, -72.3055111111,Hippodamia parenthesis,Note,2021
43.7106138889, -72.3054888889,Hippodamia parenthesis,Note,2021
43.710625, -72.3054722222,Hippodamia parenthesis,Note,2021
43.7106083333, -72.3054666667,Hippodamia parenthesis,Note,2021
43.710575, -72.30535,Hippodamia parenthesis,Note,2021
43.7105722222, -72.30535,Hippodamia parenthesis,Note,2021
43.7105638889, -72.3053583333,Hippodamia parenthesis,Note,2021
43.7105416667, -72.3053888889,Hippodamia parenthesis,Note,2021
43.7105305556, -72.3054055556,Hippodamia parenthesis,Note,2021
43.710525, -72.3054055556,Hippodamia parenthesis,Note,2021
43.7105833333, -72.3053972222,Hippodamia parenthesis,Note,2021
43.7105861111, -72.3053805556,Hippodamia parenthesis,Note,2021
43.7105944444, -72.3053805556,Hippodamia parenthesis,Note,2021
43.7105444444, -72.3053972222,Hippodamia parenthesis,Note,2021
43.7105555556, -72.3053972222,Hippodamia parenthesis,Note,2021
43.7106138889, -72.305375,Hippodamia parenthesis,Note,2021
43.7110277778, -72.3061666667,Hippodamia parenthesis,Note,2021
43.7110055556, -72.3061611111,Hippodamia parenthesis,Note,2021
43.7110138889, -72.3061611111,Hippodamia parenthesis,Note,2021
43.7110333333, -72.3061972222,Hippodamia parenthesis,Note,2021
43.7110138889, -72.3061916667,Hippodamia parenthesis,Note,2021
43.7110111111, -72.3061972222,Hippodamia parenthesis,Note,2021
43.711025, -72.3061666667,Hippodamia parenthesis,Note,2021
43.7110111111, -72.3061916667,Hippodamia parenthesis,Note,2021
43.7109805556, -72.3061611111,Hippodamia parenthesis,Note,2021
43.7109861111, -72.3061833333,Hippodamia parenthesis,Note,2021
43.7110055556, -72.3061527778,Hippodamia parenthesis,Note,2021
43.7110027778, -72.3061361111,Hippodamia parenthesis,Note,2021
43.7109972222, -72.3061305556,Hippodamia parenthesis,Note,2021
43.7110111111, -72.3061611111,Hippodamia parenthesis,Note,2021
45.5049658, -76.6298365,Hippodamia parenthesis,Note,2020
38.72903, -104.69941667,Hippodamia parenthesis,Note,2020
38.8709297, -99.332267,Hippodamia parenthesis,Note,2014
42.2884535278, -88.3719933406,Hippodamia parenthesis,Note,2018
46.7976421304, -92.088972861,Hippodamia parenthesis,Note,2018
40.848495, -81.1060195,Hippodamia parenthesis,Note,2021
42.9160323504, -72.2980615497,Hippodamia parenthesis,Note,2020
38.7513999, -104.74391,Hippodamia parenthesis,Note,2013
44.7108632295, -93.1629880303,Hippodamia parenthesis,Note,2020
42.65565, -80.5727183333,Hippodamia parenthesis,Note,2021
40.5408878935, -105.1219753238,Hippodamia parenthesis,Note,2019
42.558375, -73.654656,Hippodamia parenthesis,Note,2016
42.6048783333, -79.1141805,Hippodamia parenthesis,Note,2021
42.606555, -79.1133111667,Hippodamia parenthesis,Note,2021
42.6050616667, -79.1141583333,Hippodamia parenthesis,Note,2021
42.9865446, -73.6406992,Hippodamia parenthesis,Note,2020
43.7199633333, -72.3296883333,Hippodamia parenthesis,Note,2021
43.7187116667, -72.3281783333,Hippodamia parenthesis,Note,2021
43.7187383333, -72.3281866667,Hippodamia parenthesis,Note,2021
44.4700135058, -93.1446702193,Hippodamia parenthesis,Note,2020
43.516695, -72.40119167,Hippodamia parenthesis,Note,2020
43.6233564236, -72.5084660947,Hippodamia parenthesis,Note,2020
43.62353667, -72.50782,Hippodamia parenthesis,Note,2020
44.1562423706, -77.7039337158,Hippodamia parenthesis,Note,2021
38.37482888, -84.42050125,Hippodamia parenthesis,Note,2018
41.1402520592, -81.8744358365,Hippodamia parenthesis,Note,2018
43.1275237915, -96.2069133247,Hippodamia parenthesis,Note,2018
35.1883916667, -111.644495,Hippodamia parenthesis,Note,2018
44.3815216667, -72.88678,Hippodamia parenthesis,Note,2018
44.52263566, -68.54156521,Hippodamia parenthesis,Note,2018
45.2100868056, -70.7909249167,Hippodamia parenthesis,Note,2018
47.81845, -92.24051,Hippodamia parenthesis,Note,2018
42.708118, -103.009002,Hippodamia parenthesis,Note,2018
