latitude,longitude,scientificname,occurrenceRemarks,Year
37.344996, -108.28924,Coccinella transversoguttata,Note,2007
39.72716, -105.142196,Coccinella transversoguttata,Note,2007
43.845921, -112.43499,Coccinella transversoguttata,Note,2008
43.8413696, -112.44107,Coccinella transversoguttata,Note,2008
44.0340614, -107.4492,Coccinella transversoguttata,Note,2008
41.6663692, -105.69111,Coccinella transversoguttata,Note,2008
44.4469399, -110.36401,Coccinella transversoguttata,Note,2008
43.8204843, -112.4388,Coccinella transversoguttata,Note,2008
44.0, -104.0,Coccinella transversoguttata,Note,2008
44.0805434, -103.23101,Coccinella transversoguttata,Note,2008
41.824251, -103.665,Coccinella transversoguttata,Note,2008
39.5500507, -105.78206,Coccinella transversoguttata,Note,2008
40.655802, -111.915566,Coccinella transversoguttata,Note,2009
38.9797141, -105.35749,Coccinella transversoguttata,Note,2009
38.8338816, -104.82136,Coccinella transversoguttata,Note,2009
39.613321, -105.01664,Coccinella transversoguttata,Note,2009
39.0916586, -104.87275,Coccinella transversoguttata,Note,2009
38.8334312, -104.8218,Coccinella transversoguttata,Note,2009
38.682219, -104.7008,Coccinella transversoguttata,Note,2009
40.0149856, -105.27054,Coccinella transversoguttata,Note,2009
48.6490562, -118.73943,Coccinella transversoguttata,Note,2009
38.9330494, -104.60858,Coccinella transversoguttata,Note,2009
43.7666507, -103.5988,Coccinella transversoguttata,Note,2009
38.54582, -106.92532,Coccinella transversoguttata,Note,2009
39.8366528, -105.0372,Coccinella transversoguttata,Note,2009
38.708, -104.841,Coccinella transversoguttata,Note,2009
40.087268591, -108.2076874998,Coccinella transversoguttata,Note,2010
38.5259, -104.425,Coccinella transversoguttata,Note,2010
39.3585, -105.3845,Coccinella transversoguttata,Note,2010
39.8027644, -105.08748,Coccinella transversoguttata,Note,2010
40.1672068, -105.10192,Coccinella transversoguttata,Note,2010
40.3772059, -105.52166,Coccinella transversoguttata,Note,2010
43.4799291, -110.76242,Coccinella transversoguttata,Note,2010
38.682219, -104.7008,Coccinella transversoguttata,Note,2011
38.8338816, -104.82136,Coccinella transversoguttata,Note,2011
38.7334177, -105.28192,Coccinella transversoguttata,Note,2011
37.4034666667, -105.5389333333,Coccinella transversoguttata,Note,2011
38.8334312, -104.8218,Coccinella transversoguttata,Note,2011
41.7895584, -107.23824,Coccinella transversoguttata,Note,2011
44.6248198149, -110.4332596634,Coccinella transversoguttata,Note,2011
37.3635404, -118.39511,Coccinella transversoguttata,Note,2012
41.232183, -111.972867,Coccinella transversoguttata,Note,2012
42.248246, -113.56139,Coccinella transversoguttata,Note,2012
43.3058077, -114.06606,Coccinella transversoguttata,Note,2012
42.9360165, -114.40587,Coccinella transversoguttata,Note,2012
44.1151717, -115.97095,Coccinella transversoguttata,Note,2012
40.0891304, -109.67736,Coccinella transversoguttata,Note,2012
41.7118728, -112.1655,Coccinella transversoguttata,Note,2012
42.43919, -114.3085,Coccinella transversoguttata,Note,2012
44.0809804, -115.61867,Coccinella transversoguttata,Note,2012
43.1562183, -114.34012,Coccinella transversoguttata,Note,2012
44.0956545, -115.61871,Coccinella transversoguttata,Note,2012
42.0854723, -113.5634,Coccinella transversoguttata,Note,2012
41.3113669, -105.5911,Coccinella transversoguttata,Note,2012
41.1399814, -104.82024,Coccinella transversoguttata,Note,2012
52.83307, -110.85046,Coccinella transversoguttata,Note,2012
59.810001373291016, -111.9800033569336,Coccinella transversoguttata,Note,2012
59.811, -111.989,Coccinella transversoguttata,Note,2012
59.81, -111.98,Coccinella transversoguttata,Note,2012
49.13999938964844, -107.52999877929688,Coccinella transversoguttata,Note,2012
48.3380393, -70.883453,Coccinella transversoguttata,Note,2012
49.14, -107.53,Coccinella transversoguttata,Note,2012
49.149, -107.53,Coccinella transversoguttata,Note,2012
38.9938808, -105.05693,Coccinella transversoguttata,Note,2012
37.607617, -104.962076,Coccinella transversoguttata,Note,2012
38.894739, -104.69724,Coccinella transversoguttata,Note,2012
38.8802301, -104.77251,Coccinella transversoguttata,Note,2012
38.53, -104.82136,Coccinella transversoguttata,Note,2012
38.8338816, -104.82136,Coccinella transversoguttata,Note,2012
37.378922, -107.5902,Coccinella transversoguttata,Note,2012
38.5316, -104.432,Coccinella transversoguttata,Note,2012
37.2861114, -108.03951,Coccinella transversoguttata,Note,2012
40.3772059, -105.52166,Coccinella transversoguttata,Note,2012
40.058462, -105.16379,Coccinella transversoguttata,Note,2012
38.929826, -104.57608,Coccinella transversoguttata,Note,2012
38.52, -104.422,Coccinella transversoguttata,Note,2012
38.9330494, -104.60858,Coccinella transversoguttata,Note,2012
47.44, -114.17305,Coccinella transversoguttata,Note,2012
46.5958056, -112.02703,Coccinella transversoguttata,Note,2012
46.1258883, -112.94509,Coccinella transversoguttata,Note,2012
46.42, -112.13,Coccinella transversoguttata,Note,2012
46.13015, -112.9737,Coccinella transversoguttata,Note,2012
42.719722747802734, -103.13543701171876,Coccinella transversoguttata,Note,2012
46.125335, -112.96037,Coccinella transversoguttata,Note,2012
42.224867, -121.78167,Coccinella transversoguttata,Note,2012
39.171091, -105.717199,Coccinella transversoguttata,Note,2013
38.5423297612, -106.9119689672,Coccinella transversoguttata,Note,2013
50.66, -120.5,Coccinella transversoguttata,Note,2013
37.2736701, -107.8793,Coccinella transversoguttata,Note,2013
37.6786918, -106.35256,Coccinella transversoguttata,Note,2013
50.663, -120.504,Coccinella transversoguttata,Note,2013
50.658, -120.528,Coccinella transversoguttata,Note,2013
50.643, -120.517,Coccinella transversoguttata,Note,2013
46.5897598, -112.0212,Coccinella transversoguttata,Note,2013
46.9551696, -112.67513,Coccinella transversoguttata,Note,2013
50.64, -120.51,Coccinella transversoguttata,Note,2013
46.1304206, -112.95333,Coccinella transversoguttata,Note,2013
36.4115982, -105.57424,Coccinella transversoguttata,Note,2013
50.65, -120.52,Coccinella transversoguttata,Note,2013
35.56, -106.13,Coccinella transversoguttata,Note,2013
38.5625, -104.441,Coccinella transversoguttata,Note,2013
38.7513999, -104.74391,Coccinella transversoguttata,Note,2013
37.1677207, -104.50817,Coccinella transversoguttata,Note,2013
37.5751, -104.474,Coccinella transversoguttata,Note,2013
38.6828804, -104.70068,Coccinella transversoguttata,Note,2013
38.1362991, -105.44464,Coccinella transversoguttata,Note,2013
38.1360282, -105.46707,Coccinella transversoguttata,Note,2013
38.4120483, -105.58232,Coccinella transversoguttata,Note,2013
39.7060012, -105.69583,Coccinella transversoguttata,Note,2013
39.3829002, -105.43084,Coccinella transversoguttata,Note,2013
39.5332489, -107.7833,Coccinella transversoguttata,Note,2013
39.5460281, -107.32369,Coccinella transversoguttata,Note,2013
40.47031, -106.82893,Coccinella transversoguttata,Note,2013
38.9942398, -105.05494,Coccinella transversoguttata,Note,2013
42.2238807, -121.78205,Coccinella transversoguttata,Note,2013
42.4438209, -121.86782,Coccinella transversoguttata,Note,2013
38.5365, -104.417,Coccinella transversoguttata,Note,2013
38.8334503, -104.8218,Coccinella transversoguttata,Note,2013
40.0157394, -105.27924,Coccinella transversoguttata,Note,2013
38.45687, -105.4863,Coccinella transversoguttata,Note,2013
50.65999984741211, -120.5,Coccinella transversoguttata,Note,2013
37.6271, -118.8151,Coccinella transversoguttata,Note,2013
50.63999938964844, -120.51000213623048,Coccinella transversoguttata,Note,2013
50.650001525878906, -120.5199966430664,Coccinella transversoguttata,Note,2013
41.7895584, -107.23824,Coccinella transversoguttata,Note,2013
41.2674789, -110.96396,Coccinella transversoguttata,Note,2013
42.4150581, -105.36779,Coccinella transversoguttata,Note,2013
37.6141, -118.8356,Coccinella transversoguttata,Note,2013
50.792, -120.436,Coccinella transversoguttata,Note,2013
44.84, -85.71,Coccinella transversoguttata,Note,2013
44.77219, -85.403938,Coccinella transversoguttata,Note,2013
42.9346694, -85.336853,Coccinella transversoguttata,Note,2013
44.4236907, -111.37107,Coccinella transversoguttata,Note,2013
43.3126, -114.0666,Coccinella transversoguttata,Note,2014
39.390116, -111.598818,Coccinella transversoguttata,Note,2014
40.45556, -109.52806,Coccinella transversoguttata,Note,2014
42.32222, -111.29694,Coccinella transversoguttata,Note,2014
42.59836, -108.34352,Coccinella transversoguttata,Note,2014
42.085358, -104.317183,Coccinella transversoguttata,Note,2014
41.3107986, -105.59031,Coccinella transversoguttata,Note,2014
44.2931785, -105.50476,Coccinella transversoguttata,Note,2014
43.4797096, -110.76232,Coccinella transversoguttata,Note,2014
47.663005, -117.401562,Coccinella transversoguttata,Note,2014
46.5897598, -112.0212,Coccinella transversoguttata,Note,2014
38.8334312, -104.8218,Coccinella transversoguttata,Note,2014
38.5365, -104.417,Coccinella transversoguttata,Note,2014
42.719722747802734, -103.13543701171876,Coccinella transversoguttata,Note,2014
40.374278, -106.604848,Coccinella transversoguttata,Note,2014
40.374936, -106.609289,Coccinella transversoguttata,Note,2014
39.6171876, -106.1721938,Coccinella transversoguttata,Note,2014
38.4791183, -105.89443,Coccinella transversoguttata,Note,2014
38.8417663, -104.84572,Coccinella transversoguttata,Note,2014
38.9485, -105.2829,Coccinella transversoguttata,Note,2014
38.492, -104.432,Coccinella transversoguttata,Note,2014
38.9341583, -104.60948,Coccinella transversoguttata,Note,2014
39.7428703, -105.51972,Coccinella transversoguttata,Note,2014
38.5625, -104.3437,Coccinella transversoguttata,Note,2014
37.1150817, -107.63288,Coccinella transversoguttata,Note,2014
38.54, -104.37,Coccinella transversoguttata,Note,2014
38.533, -104.411,Coccinella transversoguttata,Note,2014
46.5897598, -112.0212,Coccinella transversoguttata,Note,2015
42.5768203, -121.86376,Coccinella transversoguttata,Note,2015
40.46176, -106.947912,Coccinella transversoguttata,Note,2015
37.176169, -108.15044,Coccinella transversoguttata,Note,2015
37.2736701, -107.8793,Coccinella transversoguttata,Note,2015
37.67431, -106.655338,Coccinella transversoguttata,Note,2015
43.4718952461, -112.057426088,Coccinella transversoguttata,Note,2015
38.8334312, -104.8218,Coccinella transversoguttata,Note,2015
39.599748, -105.98911,Coccinella transversoguttata,Note,2015
37.4743995, -108.49645,Coccinella transversoguttata,Note,2015
37.67431, -106.65533,Coccinella transversoguttata,Note,2015
43.5981416667, -110.6967916667,Coccinella transversoguttata,Note,2015
44.2931785, -105.50476,Coccinella transversoguttata,Note,2015
37.853807, -118.961375,Coccinella transversoguttata,Note,2016
37.259724, -118.361457,Coccinella transversoguttata,Note,2016
42.83, -108.75,Coccinella transversoguttata,Note,2016
42.9995765, -107.55152,Coccinella transversoguttata,Note,2016
44.76268843, -110.47394785,Coccinella transversoguttata,Note,2016
42.662031, -121.651634,Coccinella transversoguttata,Note,2016
42.806425, -120.791717,Coccinella transversoguttata,Note,2016
42.2238807, -121.78205,Coccinella transversoguttata,Note,2016
41.319455841, -105.5372531133,Coccinella transversoguttata,Note,2016
47.361468, -120.32403,Coccinella transversoguttata,Note,2016
47.3614572989, -120.3236334331,Coccinella transversoguttata,Note,2016
47.3613747493, -120.3237202696,Coccinella transversoguttata,Note,2016
47.3613555556, -120.3238055556,Coccinella transversoguttata,Note,2016
46.5875722, -112.01711127,Coccinella transversoguttata,Note,2016
37.25972366333008, -118.36145782470705,Coccinella transversoguttata,Note,2016
37.8116156347, -118.5801650026,Coccinella transversoguttata,Note,2016
38.5505716667, -119.8157666667,Coccinella transversoguttata,Note,2016
38.5505633333, -119.81578,Coccinella transversoguttata,Note,2016
37.674468, -106.655193,Coccinella transversoguttata,Note,2016
37.429415, -105.770329,Coccinella transversoguttata,Note,2016
40.511593, -106.010186,Coccinella transversoguttata,Note,2016
38.559334, -106.935682,Coccinella transversoguttata,Note,2016
40.395927606, -106.1341094971,Coccinella transversoguttata,Note,2016
38.7079375, -104.7131586,Coccinella transversoguttata,Note,2016
40.648682, -106.267136,Coccinella transversoguttata,Note,2016
41.7220613826, -111.8388944027,Coccinella transversoguttata,Note,2016
41.2950861035, -111.5626037401,Coccinella transversoguttata,Note,2016
41.793984, -107.18997,Coccinella transversoguttata,Note,2017
40.648682, -106.267136,Coccinella transversoguttata,Note,2017
40.560035, -108.135333,Coccinella transversoguttata,Note,2017
41.89247227, -111.41505782,Coccinella transversoguttata,Note,2017
40.0122972222, -105.6832416667,Coccinella transversoguttata,Note,2017
44.4116352659, -114.4005489349,Coccinella transversoguttata,Note,2017
44.4754628055, -114.2110473521,Coccinella transversoguttata,Note,2017
40.0684822192, -105.0280952454,Coccinella transversoguttata,Note,2017
40.8661462389, -109.0250587463,Coccinella transversoguttata,Note,2017
38.8653533333, -106.91282,Coccinella transversoguttata,Note,2017
39.0022298337, -107.0231608764,Coccinella transversoguttata,Note,2017
40.3402966775, -105.5710011721,Coccinella transversoguttata,Note,2017
39.1920583333, -106.9375083333,Coccinella transversoguttata,Note,2017
37.703698, -106.506347,Coccinella transversoguttata,Note,2017
40.3402769845, -105.5725853519,Coccinella transversoguttata,Note,2017
38.95857, -106.9895083333,Coccinella transversoguttata,Note,2017
39.0024847122, -107.0232087309,Coccinella transversoguttata,Note,2017
40.341951816, -105.5752315523,Coccinella transversoguttata,Note,2017
37.485609, -106.145748,Coccinella transversoguttata,Note,2017
40.3401096836, -105.5730440534,Coccinella transversoguttata,Note,2017
41.407675, -105.72644,Coccinella transversoguttata,Note,2017
42.4585291892, -105.9451639652,Coccinella transversoguttata,Note,2017
44.5589216667, -110.3561633333,Coccinella transversoguttata,Note,2017
44.5186283333, -109.0535055,Coccinella transversoguttata,Note,2017
44.9334533426, -110.714635849,Coccinella transversoguttata,Note,2017
44.6967861405, -110.953245163,Coccinella transversoguttata,Note,2017
44.568961, -108.999016,Coccinella transversoguttata,Note,2017
43.2371083333, -116.3752583333,Coccinella transversoguttata,Note,2018
43.329925, -116.412405,Coccinella transversoguttata,Note,2018
43.23723, -116.3753783333,Coccinella transversoguttata,Note,2018
43.098213, -108.681116,Coccinella transversoguttata,Note,2018
40.591976619, -111.6273288877,Coccinella transversoguttata,Note,2018
41.7198243624, -111.847769347,Coccinella transversoguttata,Note,2018
44.920149, -110.732525,Coccinella transversoguttata,Note,2018
44.5250666667, -110.833205,Coccinella transversoguttata,Note,2018
45.2285116667, -111.25367,Coccinella transversoguttata,Note,2018
45.228675, -111.2527,Coccinella transversoguttata,Note,2018
45.2288448, -111.251858,Coccinella transversoguttata,Note,2018
45.2290166667, -111.2542116667,Coccinella transversoguttata,Note,2018
45.2289966667, -111.2545083333,Coccinella transversoguttata,Note,2018
45.22853, -111.2541366667,Coccinella transversoguttata,Note,2018
45.0382888333, -109.41297,Coccinella transversoguttata,Note,2018
45.2289583333, -111.254325,Coccinella transversoguttata,Note,2018
45.2285533333, -111.2538833333,Coccinella transversoguttata,Note,2018
45.2290883333, -111.2537466667,Coccinella transversoguttata,Note,2018
45.22863, -111.2537216667,Coccinella transversoguttata,Note,2018
45.2288514747, -111.2539894005,Coccinella transversoguttata,Note,2018
45.2279781117, -111.2526564673,Coccinella transversoguttata,Note,2018
40.465275, -116.0262833333,Coccinella transversoguttata,Note,2018
38.0185305, -119.1666866667,Coccinella transversoguttata,Note,2018
38.0185138333, -119.16668,Coccinella transversoguttata,Note,2018
40.0014277783, -105.2667,Coccinella transversoguttata,Note,2018
40.0024778619, -107.8370742152,Coccinella transversoguttata,Note,2018
39.9462920432, -105.5551734151,Coccinella transversoguttata,Note,2018
40.560035, -108.135333,Coccinella transversoguttata,Note,2018
37.4229996, -107.8224584,Coccinella transversoguttata,Note,2018
39.00224193, -107.0230171179,Coccinella transversoguttata,Note,2018
39.0300993886, -108.0626776596,Coccinella transversoguttata,Note,2018
39.747829903, -104.9064662867,Coccinella transversoguttata,Note,2018
37.900188446, -119.094039917,Coccinella transversoguttata,Note,2018
38.695183967, -119.8402488602,Coccinella transversoguttata,Note,2019
38.2125283333, -119.01510555,Coccinella transversoguttata,Note,2019
38.2118216667, -119.0122611167,Coccinella transversoguttata,Note,2019
38.2130466667, -119.0125888833,Coccinella transversoguttata,Note,2019
38.213045, -119.0125888833,Coccinella transversoguttata,Note,2019
40.2543116667, -111.6589666667,Coccinella transversoguttata,Note,2019
41.72553123, -111.82829029,Coccinella transversoguttata,Note,2019
44.977415, -85.6508483333,Coccinella transversoguttata,Note,2019
38.2119640108, -119.0121623333,Coccinella transversoguttata,Note,2019
38.8027283333, -117.5013583333,Coccinella transversoguttata,Note,2019
46.831495, -111.9523,Coccinella transversoguttata,Note,2019
46.884155, -113.9884333333,Coccinella transversoguttata,Note,2019
45.313192, -109.087584,Coccinella transversoguttata,Note,2019
45.77483, -111.21775,Coccinella transversoguttata,Note,2019
46.5217583333, -112.1334445,Coccinella transversoguttata,Note,2019
45.78108653, -111.17915838,Coccinella transversoguttata,Note,2019
47.8983911236, -91.8874037638,Coccinella transversoguttata,Note,2019
42.662031, -121.651634,Coccinella transversoguttata,Note,2019
40.5237367706, -107.5640406545,Coccinella transversoguttata,Note,2019
41.407675, -105.72644,Coccinella transversoguttata,Note,2019
44.568961, -108.999016,Coccinella transversoguttata,Note,2019
44.9380344812, -109.6245240012,Coccinella transversoguttata,Note,2019
44.6940236105, -110.9563671877,Coccinella transversoguttata,Note,2019
42.6893383333, -108.663545,Coccinella transversoguttata,Note,2019
44.916005, -110.416855,Coccinella transversoguttata,Note,2019
44.8899527779, -110.3353023437,Coccinella transversoguttata,Note,2019
44.9209368756, -110.3170380072,Coccinella transversoguttata,Note,2019
43.8808416667, -110.57663,Coccinella transversoguttata,Note,2019
44.462595, -110.827745,Coccinella transversoguttata,Note,2019
43.2904672756, -110.5486487771,Coccinella transversoguttata,Note,2019
51.4013455327, -122.2779622065,Coccinella transversoguttata,Note,2019
51.0134396951, -121.7849771891,Coccinella transversoguttata,Note,2019
39.5951309, -104.89832,Coccinella transversoguttata,Note,2019
48.0853159963, -123.1469260901,Coccinella transversoguttata,Note,2019
48.5024266667, -120.6379333333,Coccinella transversoguttata,Note,2019
40.5560417175, -106.4861831665,Coccinella transversoguttata,Note,2019
39.8980974779, -105.3506035545,Coccinella transversoguttata,Note,2019
39.9234366667, -105.7871866667,Coccinella transversoguttata,Note,2019
37.8292545537, -106.2181283535,Coccinella transversoguttata,Note,2019
40.8183363773, -106.5019532823,Coccinella transversoguttata,Note,2019
39.599442808, -105.9897536785,Coccinella transversoguttata,Note,2019
39.9523883333, -105.5338533333,Coccinella transversoguttata,Note,2019
40.0507138333, -105.2858966667,Coccinella transversoguttata,Note,2019
40.2519165943, -105.8206815566,Coccinella transversoguttata,Note,2019
37.8293726128, -106.2182024495,Coccinella transversoguttata,Note,2019
50.7243146996, -120.5038048904,Coccinella transversoguttata,Note,2020
40.5575562461, -120.7769964029,Coccinella transversoguttata,Note,2020
51.2119344942, -122.1568513289,Coccinella transversoguttata,Note,2020
41.29273134, -111.95134771,Coccinella transversoguttata,Note,2020
38.8638612973, -112.506952682,Coccinella transversoguttata,Note,2020
41.6919305556, -111.4685861111,Coccinella transversoguttata,Note,2020
50.74965, -120.874275,Coccinella transversoguttata,Note,2020
50.3617576391, -119.0567310154,Coccinella transversoguttata,Note,2020
49.3325116667, -107.8221666667,Coccinella transversoguttata,Note,2020
50.7809, -121.0820833333,Coccinella transversoguttata,Note,2020
43.77840833, -110.72754667,Coccinella transversoguttata,Note,2020
43.8988769722, -109.130582,Coccinella transversoguttata,Note,2020
44.691295, -110.96347833,Coccinella transversoguttata,Note,2020
44.74369974, -106.93832279,Coccinella transversoguttata,Note,2020
41.585416, -109.25990246,Coccinella transversoguttata,Note,2020
41.1944249844, -105.8129092474,Coccinella transversoguttata,Note,2020
41.1420555, -106.03808617,Coccinella transversoguttata,Note,2020
41.266401, -110.943015,Coccinella transversoguttata,Note,2020
50.3690570409, -115.9052332895,Coccinella transversoguttata,Note,2020
44.9491360401, -110.3087927242,Coccinella transversoguttata,Note,2020
42.6660891491, -106.5116716549,Coccinella transversoguttata,Note,2020
42.6661125561, -106.5115992206,Coccinella transversoguttata,Note,2020
44.5585717855, -110.327104324,Coccinella transversoguttata,Note,2020
51.7923634254, -122.4492838958,Coccinella transversoguttata,Note,2020
50.6490874423, -120.3942173882,Coccinella transversoguttata,Note,2020
46.0632286072, -118.8714523315,Coccinella transversoguttata,Note,2020
49.272, -124.193,Coccinella transversoguttata,Note,2020
51.792782, -122.471306,Coccinella transversoguttata,Note,2020
46.0650863647, -118.8734588623,Coccinella transversoguttata,Note,2020
48.4716666667, -121.0613888889,Coccinella transversoguttata,Note,2020
46.0269787982, -118.9360591024,Coccinella transversoguttata,Note,2020
50.66005833, -114.32323333,Coccinella transversoguttata,Note,2020
50.5681638889, -121.3049694444,Coccinella transversoguttata,Note,2020
50.5747833333, -121.3012083333,Coccinella transversoguttata,Note,2020
50.6165666667, -120.852075,Coccinella transversoguttata,Note,2020
50.567989, -121.30475,Coccinella transversoguttata,Note,2020
50.574687, -121.30118,Coccinella transversoguttata,Note,2020
50.685302, -121.461487,Coccinella transversoguttata,Note,2020
40.612365, -120.720234,Coccinella transversoguttata,Note,2020
38.305704, -107.967537,Coccinella transversoguttata,Note,2020
39.6142483483, -105.98526986,Coccinella transversoguttata,Note,2020
39.5700048517, -106.0039447033,Coccinella transversoguttata,Note,2020
38.9895583333, -117.300885,Coccinella transversoguttata,Note,2020
39.150424758, -117.479948178,Coccinella transversoguttata,Note,2020
38.59633667, -119.00118889,Coccinella transversoguttata,Note,2020
45.12997, -112.7384669722,Coccinella transversoguttata,Note,2020
45.1300159722, -112.738466,Coccinella transversoguttata,Note,2020
45.0670539722, -112.2670909722,Coccinella transversoguttata,Note,2020
44.7043217, -111.2111627,Coccinella transversoguttata,Note,2020
45.4390289722, -105.408675,Coccinella transversoguttata,Note,2020
38.257195, -118.837595,Coccinella transversoguttata,Note,2020
29.6243333333, -81.2117527778,Coccinella transversoguttata,Note,2020
43.1176314131, -116.5531973542,Coccinella transversoguttata,Note,2020
43.1176016573, -116.5531589651,Coccinella transversoguttata,Note,2020
44.3920027778, -111.4008472222,Coccinella transversoguttata,Note,2020
40.0710239774, -105.242314227,Coccinella transversoguttata,Note,2020
40.411397406, -106.6183655709,Coccinella transversoguttata,Note,2020
40.4849324786, -106.835650727,Coccinella transversoguttata,Note,2020
40.39558833, -105.71208833,Coccinella transversoguttata,Note,2020
39.7315863892, -105.1916631254,Coccinella transversoguttata,Note,2020
39.4829883333, -106.0460583333,Coccinella transversoguttata,Note,2020
39.57586333, -106.0984945,Coccinella transversoguttata,Note,2020
38.7133783, -104.7169039,Coccinella transversoguttata,Note,2020
38.91103667, -106.96791167,Coccinella transversoguttata,Note,2020
39.5990593, -106.115207,Coccinella transversoguttata,Note,2020
39.4778283333, -106.0439138333,Coccinella transversoguttata,Note,2020
39.4779916667, -106.0450666667,Coccinella transversoguttata,Note,2020
38.959205, -106.990425,Coccinella transversoguttata,Note,2020
40.9173262907, -106.2057311747,Coccinella transversoguttata,Note,2020
40.486755, -106.42598667,Coccinella transversoguttata,Note,2020
37.3683785, -105.001346,Coccinella transversoguttata,Note,2020
39.4818341662, -106.0483878284,Coccinella transversoguttata,Note,2020
44.977605, -85.6508683333,Coccinella transversoguttata,Note,2020
44.9774316667, -85.6509633333,Coccinella transversoguttata,Note,2020
40.3665863696, -120.6185388651,Coccinella transversoguttata,Note,2021
38.39123551, -111.589116725,Coccinella transversoguttata,Note,2021
40.9151083333, -110.793005,Coccinella transversoguttata,Note,2021
40.3985509722, -111.602389,Coccinella transversoguttata,Note,2021
41.895584943, -111.6457855034,Coccinella transversoguttata,Note,2021
37.8438579245, -109.7812729609,Coccinella transversoguttata,Note,2021
38.6783133333, -119.9896,Coccinella transversoguttata,Note,2021
45.1304366667, -85.6147316667,Coccinella transversoguttata,Note,2021
45.130385, -85.6146733333,Coccinella transversoguttata,Note,2021
42.0152585833, -111.4163785833,Coccinella transversoguttata,Note,2021
43.0120516667, -116.1111766667,Coccinella transversoguttata,Note,2021
44.32233, -111.4605416667,Coccinella transversoguttata,Note,2021
42.51423, -111.80066,Coccinella transversoguttata,Note,2021
44.6463466667, -111.3399883333,Coccinella transversoguttata,Note,2021
37.7328263669, -105.5142435971,Coccinella transversoguttata,Note,2021
37.733714481, -105.5137876216,Coccinella transversoguttata,Note,2021
37.7397987229, -105.5222548821,Coccinella transversoguttata,Note,2021
40.1024247329, -105.2783354029,Coccinella transversoguttata,Note,2021
40.0669468264, -105.2499277762,Coccinella transversoguttata,Note,2021
40.0134070178, -105.2456029469,Coccinella transversoguttata,Note,2021
43.643770474, -111.1111391802,Coccinella transversoguttata,Note,2021
37.8300216667, -106.2180783333,Coccinella transversoguttata,Note,2021
40.1491784354, -105.3829685854,Coccinella transversoguttata,Note,2021
40.1547254807, -105.888847633,Coccinella transversoguttata,Note,2021
40.7877001712, -106.4379683135,Coccinella transversoguttata,Note,2021
40.0335883257, -105.2762902989,Coccinella transversoguttata,Note,2021
37.4387868, -105.8030248,Coccinella transversoguttata,Note,2021
40.6672833333, -106.3314138889,Coccinella transversoguttata,Note,2021
38.8701133333, -106.9866633333,Coccinella transversoguttata,Note,2021
37.4386121, -105.8030889997,Coccinella transversoguttata,Note,2021
37.432095, -105.7844383333,Coccinella transversoguttata,Note,2021
43.3572232913, -116.9536729173,Coccinella transversoguttata,Note,2021
37.6414412667, -107.4271322,Coccinella transversoguttata,Note,2021
37.634162145, -107.4260232183,Coccinella transversoguttata,Note,2021
40.8554638889, -109.0233611111,Coccinella transversoguttata,Note,2021
40.7655666667, -107.3514638889,Coccinella transversoguttata,Note,2021
40.7655916667, -107.3515916667,Coccinella transversoguttata,Note,2021
39.0054638833, -107.0308388333,Coccinella transversoguttata,Note,2021
38.2632839722, -107.547932,Coccinella transversoguttata,Note,2021
37.4863366667, -106.1480028333,Coccinella transversoguttata,Note,2021
38.250137, -107.5432239722,Coccinella transversoguttata,Note,2021
39.0718830332, -108.0959778085,Coccinella transversoguttata,Note,2021
39.0512953739, -108.0951927854,Coccinella transversoguttata,Note,2021
39.2808148367, -106.4389566227,Coccinella transversoguttata,Note,2021
40.36667, -105.561805,Coccinella transversoguttata,Note,2021
40.8559899386, -109.022235742,Coccinella transversoguttata,Note,2021
39.0249278333, -107.0677638333,Coccinella transversoguttata,Note,2021
38.8251383333, -105.9947283333,Coccinella transversoguttata,Note,2021
43.320975, -87.95488,Coccinella transversoguttata,Note,2021
44.9258583333, -110.3184133333,Coccinella transversoguttata,Note,2021
43.716175, -110.6698533333,Coccinella transversoguttata,Note,2021
44.9258916667, -110.31855,Coccinella transversoguttata,Note,2021
44.9738883333, -110.7038333333,Coccinella transversoguttata,Note,2021
44.909, -110.36415,Coccinella transversoguttata,Note,2021
43.08687217, -109.63223333,Coccinella transversoguttata,Note,2021
44.5268283333, -110.8369133333,Coccinella transversoguttata,Note,2021
38.510219574, -75.0526885986,Coccinella transversoguttata,Note,2021
39.2583978173, -75.4614922298,Coccinella transversoguttata,Note,2021
47.9720633333, -123.4919283333,Coccinella transversoguttata,Note,2021
29.680739422, -92.2067432217,Coccinella transversoguttata,Note,2021
46.901304416, -123.0496781708,Coccinella transversoguttata,Note,2021
51.439475, -122.2751611111,Coccinella transversoguttata,Note,2021
46.7204028029, -84.2893195152,Coccinella transversoguttata,Note,2021
51.4395111111, -122.2751555556,Coccinella transversoguttata,Note,2021
51.4396888889, -122.2761583333,Coccinella transversoguttata,Note,2021
42.1107444444, -118.6240305556,Coccinella transversoguttata,Note,2021
44.1144945, -122.0936445,Coccinella transversoguttata,Note,2021
50.6711008174, -120.322201252,Coccinella transversoguttata,Note,2021
52.1202574, -122.1206512,Coccinella transversoguttata,Note,2021
50.6487334325, -120.3945689276,Coccinella transversoguttata,Note,2021
40.3515037847, -120.6397046438,Coccinella transversoguttata,Note,2021
37.86642, -119.1164945,Coccinella transversoguttata,Note,2021
50.736221, -121.286423,Coccinella transversoguttata,Note,2021
50.6163666667, -122.6807638889,Coccinella transversoguttata,Note,2021
49.0877195, -114.0565333333,Coccinella transversoguttata,Note,2021
52.1195273371, -122.1232744828,Coccinella transversoguttata,Note,2021
49.6538664921, -112.8746294975,Coccinella transversoguttata,Note,2021
50.6422216667, -120.3672783333,Coccinella transversoguttata,Note,2021
39.2588966667, -119.8815166667,Coccinella transversoguttata,Note,2021
38.5710490539, -118.8259180548,Coccinella transversoguttata,Note,2021
46.813873, -112.153933,Coccinella transversoguttata,Note,2021
45.6880942646, -111.0784020647,Coccinella transversoguttata,Note,2021
45.18476735, -109.25360557,Coccinella transversoguttata,Note,2021
44.8525116667, -113.0676945,Coccinella transversoguttata,Note,2021
46.489545, -112.20372,Coccinella transversoguttata,Note,2021
45.0329142104, -110.6814004599,Coccinella transversoguttata,Note,2021
45.6531716667, -111.1195666667,Coccinella transversoguttata,Note,2021
44.834255, -113.0566028333,Coccinella transversoguttata,Note,2021
39.5465133333, -105.0201195,Coccinella transversoguttata,Note,2021
37.744125, -107.72342,Coccinella transversoguttata,Note,2021
53.4104626705, -113.9336945518,Coccinella transversoguttata,Note,2021
44.9258733333, -110.3180983333,Coccinella transversoguttata,Note,2021
50.7433133333, -120.705995,Coccinella transversoguttata,Note,2021
38.9165635, -119.7255158,Coccinella transversoguttata,Note,2021
42.6452495835, -83.0595166371,Coccinella transversoguttata,Note,2021
43.6365693, -113.30028,Coccinella transversoguttata,Note,2011
43.6365693, -113.30028,Coccinella transversoguttata,Note,2012
43.0246696, -108.38131,Coccinella transversoguttata,Note,2011
43.0246696, -108.38131,Coccinella transversoguttata,Note,2013
39.103, -104.311,Coccinella transversoguttata,Note,2014
40.534099, -105.213007,Coccinella transversoguttata,Note,2010
40.534099, -105.213007,Coccinella transversoguttata,Note,2011
40.660022, -105.159543,Coccinella transversoguttata,Note,2019
40.4053410927, -105.0968722162,Coccinella transversoguttata,Note,2018
